lambda_stale,true_gain,V_current,V_balanced,V_candidate,h_current,h_balanced,h_candidate
0.05,0.0008964677613106931,4.486199526108869e-05,4.488756803779303e-05,4.491570084041276e-05,55.822493640994296,55.85431425344483,55.889320346825286
0.1,0.0017892545991592401,0.0001792406212691056,0.00017943682535739557,0.00017967397762138872,55.987639317361975,56.0489256689155,56.123002601508865
0.15000000000000002,0.00267832231279852,0.00040283327239390665,0.0004034671965285596,0.00040430835735463946,56.15645129728279,56.244822671331065,56.36208360829941
0.2,0.003563633086278939,0.000715348628925655,0.0007167842981755368,0.0007188747325034032,56.328966646534326,56.44201609126941,56.60662394927006
0.25,0.0044451494919703904,0.0011165067055939758,0.001119180026270857,0.0011234513821551974,56.50522305825098,56.64051698922029,56.8566857912495
0.3,0.005322834493965645,0.0016060388975013753,0.001610432649583284,0.0016181390016780234,56.68525886336318,56.840336660377886,57.11233291405651
0.35000000000000003,0.0061966514513729365,0.0021836880234787533,0.002190306909231223,0.002203060740874391,56.86911304107517,57.041486639325484,57.37363073940931
0.4,0.007066564121493535,0.002849208366871359,0.002858554124287075,0.0028783622506516407,57.05682522957354,57.24397870480078,57.64064636071861
0.45,0.007932536662884848,0.0036023657137640042,0.0036149123033722332,0.0036442117382311677,57.248435736925316,57.44782488449573,57.91344857374002
0.5,0.008794533638311397,0.004442937388654863,0.004459106262176698,0.004500800030923318,57.44398555213833,57.65303745985919,58.19210790807457
0.55,0.009652520017583988,0.0053707122875875654,0.00539084774683148,0.005448340648498836,57.64351635640178,57.859628970915274,58.47669665955287
0.6000000000000001,0.010506461180284421,0.006385490908751707,0.006409835563056275,0.006487069884191961,57.84707053454926,58.06761222113524,58.767288923563974
0.6500000000000001,0.011356322918380402,0.007487085380562286,0.007515755710999225,0.0076172468943744446,58.05469118668997,58.277000282303874,59.06396062929241
0.7000000000000001,0.012202071438728646,0.008675319487228907,0.00870828152567991,0.008839153796943989,58.2664221400495,58.487806499416315,59.366789574924425
0.7500000000000001,0.013043673365467079,0.009950028691825909,0.009987073822941171,0.010153095778474798,58.482307961016666,58.700044495597595,59.675855463839746
0.8,0.013881095742298677,0.011311060156874789,0.01135178105080985,0.011559401210182334,58.702393967383315,58.91372817702653,59.99123994179659
0.8500000000000001,0.014714306034664948,0.01275827276245074,0.012802039446161075,0.013058421772758445,58.9267262408084,59.128871737889895,60.31302663516164
0.9000000000000001,0.015543272131811281,0.014291537121825073,0.014337473196575412,0.0146505325901376,59.155351639494064,59.345489665350264,60.64130119019574
0.9500000000000001,0.016367962348745935,0.015910735594655806,0.01595769460727303,0.016336132372259247,59.388317811072625,59.56359674452071,60.97615131341585
1.0,0.01718834542809078,0.017615762297738514,0.017662304273003557,0.018115643566895462,59.62567320572943,59.7832080634664,61.31766681308208
1.05,0.018004390541828452,0.019406523113330243,0.019450891254766033,0.019989512520618147,59.86746708953853,60.00433901820496,61.66593964181061
1.1,0.018816067292942606,0.02128293569505864,0.021323033261227337,0.021958209648983592,60.11374955804579,60.227005317734616,62.02106394037232
1.1500000000000001,0.019623345716955676,0.02324492947142935,0.023278296834704015,0.024022229616017705,60.364571550079496,60.45122298906564,62.383136082682725
1.2000000000000002,0.020426196283363396,0.025292445646944356,0.02531623754156674,0.026182091523089007,60.61998486180612,60.67700838226654,62.752254722027104
1.2500000000000002,0.021224589896968293,0.02742543720084401,0.02743640016692292,0.028438339107261627,60.88004216102811,60.90437817551737,63.12852083854551
1.3,0.02201849789911181,0.029643868883485844,0.029638318913428288,0.03079154094922494,61.144797001737906,61.133349380178494,63.51203778801986
1.35,0.0228078920688064,0.031947717210372914,0.03192151760407452,0.03324229069090147,61.41430383893056,61.363939345872275,63.90291135199532
1.4000000000000001,0.02359274462377081,0.03433697045384469,0.03428550988879567,0.03579120726283886,61.688618043669095,61.596165765565885,64.30124978925865
1.4500000000000002,0.024373028221367332,0.03681162863244347,0.03672979945473291,0.03843893512149776,61.96779591842182,61.83004668066951,64.70716388872577
1.5000000000000002,0.025148715959442125,0.03937170349796904,0.039253880239993294,0.0411861444965509,62.25189471267609,62.06560048614894,65.12076702377402
1.55,0.025919781377072515,0.042017218520234545,0.04185723665073491,0.0440335316483148,62.54097263882073,62.302845935639134,65.54217520804444
1.6,0.02668619845521869,0.04474820886953658,0.0445393437814082,0.04698181913544025,62.83508888832246,62.54180214657873,65.97150715277444
1.6500000000000001,0.02744794161728592,0.047564721396851674,0.047299667637979534,0.05003175609299208,63.13430364817734,62.78248860534116,66.40888432567557
1.7000000000000002,0.028204985729591958,0.05046681461177252,0.0501376653639617,0.053184118521055805,63.438678117676176,63.024925172395676,66.85443101143447
1.7500000000000002,0.02895730610174896,0.05345455865819586,0.05305278546907211,0.056439709584011254,63.74827452545087,63.26913208745977,67.3082743738381
1.8,0.029704878486953246,0.05652803528777495,0.056044468060339074,0.05979935992062176,64.06315614684593,63.51512997468173,67.7705445196099
1.85,0.030447679082191148,0.05968733783114877,0.05911214507547331,0.06326392796509031,64.38338732158975,63.76293984782256,68.24137456396872
1.9000000000000001,0.031185684528357016,0.06293257116695998,0.062255240518320605,0.0668343002792409,64.70903347179562,64.01258311546107,68.72090069798354
1.9500000000000002,0.031918871910288193,0.06626385168867417,0.06547317069621081,0.07051139189598912,65.04016112028425,64.26408158620922,69.2092622577581
2.0,0.03264721875671628,0.06968130726921201,0.0687653444590165,0.07429614667427097,65.37683790924349,64.51745747394696,69.70660179550505
2.05,0.03337070304013834,0.07318507722340628,0.072131163439734,0.07818953766560476,65.71913261922276,64.77273340306898,70.21306515255225
2.1,0.03408930317660652,0.07677531226829509,0.07557002229639906,0.082192567492468,66.0671151884812,65.02993241375663,70.72880153434882
2.15,0.034802998025439735,0.08045217448126357,0.07908130895514942,0.0863062687386756,66.4208567326883,65.28907796726767,71.25396358751635
2.1999999999999997,0.035511766888858154,0.08421583725604438,0.08266440485424585,0.0905317043519531,66.78042956498628,65.55019395124833,71.78870747900623
2.25,0.036215589511542134,0.08806648525658943,0.08631868518886396,0.09486996805890374,67.14590721642236,65.81330468506869,72.3331929774212
2.3,0.0369144460801164,0.09200431436882228,0.0900435191564696,0.09932218479257658,67.51736445675968,66.07843492518603,72.88758353656615
2.35,0.03760831722256197,0.09602953165028408,0.09383827020259138,0.10388951113284615,67.89487731567243,66.34560987053418,73.45204638128534
2.4,0.03829718400755622,0.1001423552776819,0.09770229626680457,0.10857313575982372,68.27852310433587,66.61485516794512,74.02675259565675
2.45,0.038981027943743585,0.10434301449235155,0.10163495002874288,0.11337427992052598,68.66838043741697,66.88619691760157,74.61187721360635
2.5,0.03965983097893688,0.10863174954364405,0.10563557915395483,0.11829419790903262,69.06452925547866,67.15966167852821,75.207599312017
2.55,0.04033357549925276,0.11300881163024712,0.10970352653942446,0.12333417756037303,69.46705084779963,67.4352764741171,75.8141021063956
2.6,0.041002244328181,0.1174744628394512,0.11383813055857789,0.12849554075838893,69.87602787562459,67.71306879769632,76.43157304917952
2.65,0.041665820725589664,0.12202897608436993,0.11803872530559859,0.13377964395782585,70.29154439585224,67.99306661814256,77.0602039307554
2.7,0.04232428838666791,0.12667263503912565,0.12230464083887908,0.1391878787209162,70.71368588516924,68.2752983855402,77.70019098326824
2.75,0.04297763144080813,0.13140573407200884,0.12663520342343598,0.1447216722687209,71.14253926463894,68.55979303688851,78.35173498730023
2.8,0.04362583445042678,0.13622857817662157,0.13102973577212274,0.15038248804750873,71.5781929247617,68.84658000186832,79.01504138151165
2.85,0.04426888240972926,0.14114148290101458,0.1354875572854734,0.15617182631045562,72.02073675100397,69.13568920865791,79.6903203753146
2.9,0.0449067607434156,0.1461447742748268,0.14000798429001715,0.16209122471495746,72.4702621498216,69.4271510898173,80.37778706468585
2.95,0.04553945530533243,0.1512387887344375,0.14459033027490562,0.16814225893585777,72.92686207517495,69.72099658823186,81.07766155119663
3.0,0.04616695237707091,0.15642387304613925,0.14923390612669887,0.1743265432948981,73.39063105555233,70.01725716312461,81.79016906435952
3.05,0.04678923866651019,0.16170038422734218,0.1539380203621607,0.18064573140671092,73.86166522151832,70.31596479614667,82.5155400873973
3.1,0.04740630130631285,0.16706868946581713,0.15870197935891683,0.1871015168416793,74.3400623337826,70.61715199753485,83.25401048651653
3.15,0.04801812785236781,0.17252916603698776,0.16352508758383513,0.19369563380600116,74.8259218118196,70.92085181235848,84.00582164381122
3.2,0.04862470628218596,0.1780822012192806,0.16840664781899084,0.20042985783930162,75.3193447630385,71.22709782684827,84.77122059389006
3.25,0.04922602499324924,0.18372819220754089,0.17334596138508362,0.2073060065301472,75.82043401251755,71.53592417481319,85.55046016434069
3.3,0.04982207280131279,0.18946754602452504,0.17834232836218075,0.2143259402498281,76.32929413332131,71.84736554415609,86.34379912015218
3.35,0.05041283893866466,0.1953006794304771,0.18339504780766122,0.22149156290477773,76.84603147740319,72.16145718348241,87.15150231220164
3.4,0.05099831305233948,0.20122801883079788,0.18850341797124454,0.22880482270801766,77.37075420712132,72.47823490882196,87.97384082994608
3.45,0.05157848520229458,0.20725000018181855,0.1936667365069918,0.23626771297001897,77.90357232736075,72.79773511044812,88.81109215841968
3.5,0.05215334585954201,0.21336706889468388,0.19888430068216928,0.24388227290938438,78.4445977182972,73.11999475982091,89.66354033969341
3.55,0.0527228859042429,0.21957967973735637,0.2041554075828746,0.251650588483768,78.99394416880314,73.44505141664621,90.53147613891566
3.6,0.05328709662376496,0.22588829673475136,0.2094793543163265,0.25957479324145627,79.55172741051058,73.77294323605592,91.41519721507187
3.65,0.05384596971070177,0.2322933930670097,0.2148554382097268,0.2676570691940491,80.11806515255391,74.10370897592315,92.3150082966176
3.7,0.05439949726085713,0.23879545096591875,0.22028295700560857,0.2758996477106895,80.69307711700114,74.43738800431143,93.23122136212531
3.75,0.05494767177119597,0.2453949616094923,0.22576120905358765,0.2843048104343002,81.27688507498934,74.77402030706286,94.16415582609669
3.8,0.055490486137762196,0.2520924250147168,0.2312894934984443,0.29287489022030416,81.86961288358151,75.11364649553371,95.1141387301025
3.85,0.056027933653562845,0.25888834992847465,0.2368671104644616,0.3016122720983081,82.47138652336729,75.45630781448754,96.08150493941831
3.9,0.05656000800642491,0.26578325371665507,0.24249336123595708,0.31051939425724984,83.08233413680856,75.80204615013756,97.06659734530736
3.95,0.057086703276820194,0.2727776622514614,0.24816754843394814,0.31959874905452135,83.70258606736436,76.15090403836055,98.06976707314583
4.0,0.05760801393566195,0.2798721097969255,0.2538889761888954,0.32885288404958474,84.33227489940467,76.50292467308059,99.09137369655933
4.05,0.05812393484207634,0.28706713889264135,0.25965695030947644,0.3382844030626256,84.97153549892592,76.85815191482403,100.13178545775267
4.1,0.058634461241144686,0.29436330023572477,0.26547077844734446,0.34789596725878846,85.62050505510102,77.21663029946528,101.19137949424076
4.15,0.05913958876162284,0.3017611525610146,0.2713297702578341,0.3576902962585625,86.27932312266822,77.57840504715591,102.27054207216233
4.2,0.05963931341363604,0.3092612625195233,0.2772332375565806,0.36767016927489726,86.94813166518547,77.94352207145083,103.36966882639135
4.25,0.0601336315863501,0.3168642045551502,0.28318049447202387,0.37783842627764,87.62707509917124,78.31202798863814,104.48916500765816
4.3,0.06062254004562084,0.3245705607796684,0.28917085759377337,0.3881979691859073,88.3163003391491,78.68397012727709,105.62944573689738
4.35,0.061106035931622116,0.3323809208459977,0.29520364611681527,0.39875176308901356,89.01595684361953,79.05939653795258,106.7909362670515
4.4,0.06158411675645559,0.34029588181977627,0.30127818198154893,0.40950283749659977,89.72619666197356,79.43835600324718,107.97407225255697
4.45,0.06205678040173701,0.3483160480492413,0.3073937900096408,0.42045428761861686,90.44717448238806,79.82089804795342,109.1793000267765
4.5,0.06252402511617072,0.35644203103343863,0.3135497980356956,0.4316092756758424,91.17904768069587,80.20707294950644,110.40707688759181
4.55,0.06298584951309949,0.3646744492887639,0.31974553703473935,0.44297103224161766,91.92197637029075,80.59693174867797,111.65787139146268
4.6,0.06344225256804359,0.3730139282138597,0.3259803412455221,0.4545428576155157,92.67612345305625,80.99052626050683,112.9321636561755
4.65,0.06389323361622179,0.3814610999528778,0.3322535482896485,0.4663281232296683,93.44165467136563,81.38790908549367,114.23044567258756
4.7,0.06433879235005635,0.3900166032571186,0.33856449928654514,0.478330273088495,94.21873866117322,81.78913362106395,115.5532216256487
4.75,0.06477892881666791,0.3986810833450716,0.34491253896428736,0.49055282524260213,95.00754700621059,82.19425407329415,116.90100822497945
4.8,0.06521364341535263,0.4074551917608615,0.3512970157662999,0.5029993732976303,95.8082542933362,82.60332546893018,118.27433504534179
4.8500000000000005,0.0656429368950493,0.41633958623112455,0.3577172819539587,0.5156735879588606,96.62103816904703,83.01640366768791,119.67374487729582
4.9,0.06606681035179507,0.4253349305203262,0.36417269370511957,0.5285792186123943,97.44607939718513,83.43354537484895,121.09979408837656
4.95,0.06648526522616993,0.4344418942845432,0.37066261120860916,0.5417200949437625,98.28356191787144,83.85480815416234,122.55305299513503
5.0,0.06689830330072855,0.44366115292371555,0.37718639875470406,0.5551001285948216,99.13367290769858,84.28025044106323,124.03410624640003
5.05,0.06730592669742663,0.4529933874324042,0.38374342482164575,0.5687233148598265,99.99660284119898,84.70993155620323,125.54355321810178
5.1000000000000005,0.06770813787503538,0.4624392842490539,0.39033306215822317,0.5825937344215952,100.87254555363535,85.14391171931648,127.08200842006023
5.15,0.06810493962654829,0.47199953510379383,0.3969546878624709,0.5967155551286915,101.76169830513774,85.582252063422,128.65010191511226
5.2,0.06849633507658104,0.4816748368647903,0.4036076834565293,0.6110930338145901,102.66426184621879,86.02501464937089,130.24847975098226
5.25,0.06888232767876401,0.49146589138316926,0.4102914349577107,0.6257305181597987,103.58044048470295,86.47226248074865,131.87780440531498
5.3,0.06926292121312816,0.5013734053365354,0.41700533294582853,0.6406324485979502,104.51044215410522,86.92405951914299,133.53875524430407
5.3500000000000005,0.06963811978348455,0.5113980900711029,0.4237487726268378,0.6558033602668888,105.45447848349471,87.38047069978528,135.23202899536201
5.4,0.07000792781480081,0.5215406614424619,0.43052115389284473,0.6712478850058131,106.41276486887105,87.8415619475694,136.9583402342847
5.45,0.07037235005056897,0.5318018396550048,0.4373218813785429,0.6869707533995603,107.38552054611034,88.307400193472,138.71842188741311
5.5,0.07073139155017338,0.5421823491000323,0.44415036451413425,0.7029767968711397,108.37296866549329,88.77805339136377,140.51302574925586
5.55,0.07108505768625173,0.5526829181925619,0.4510060175747942,0.7192709498236557,109.37533636787796,89.25359053523951,142.3429230161146
5.6000000000000005,0.07143335414205387,0.5633042792068695,0.45788825972674924,0.7358582518327953,110.39285486254529,89.73408167686797,144.2089048362291
5.65,0.07177628690879778,0.5740471681107782,0.4647965150700225,0.7527438498910654,111.42575950676152,90.21959794387284,146.1117828769946
5.7,0.07211386228302297,0.5849123243987289,0.47173021267791954,0.7699330007050228,112.4742898871017,90.71021155825686,148.05238990982528
5.75,0.07244608686394349,0.5959004909236549,0.4786887866333172,0.7874310730467438,113.53868990257254,91.20599585537519,150.03158041324448
5.8,0.07277296755079554,0.6070124137276839,0.48567167606182304,0.8052435501608332,114.61920784959621,91.70702530338227,152.0502311948385
5.8500000000000005,0.07309451154018931,0.6182488418717,0.4926783251618751,0.8233760322282883,115.71609650887345,92.21337552314031,154.10924203266703
5.9,0.07341072632345469,0.6296105272637889,0.49970818323184873,0.8418342388885856,116.82961323420685,92.7251233086279,156.20953633683447
5.95,0.07372161968399082,0.6410982244865993,0.5067607046942445,0.8606240118213697,117.96002004330407,93.24234664783648,158.35206183185986
6.0,0.07402719969461347,0.6527126906236435,0.5138353491170212,0.87975131738918,119.1075837106304,93.765124744182,160.53779126057864
6.05,0.0743274747149022,0.6644546850845692,0.5209315812321507,0.8992222493426738,120.27257586235771,94.29353803844046,162.7677231102999
6.1000000000000005,0.07462245338855089,0.6763249694294378,0.5280488709514625,0.9190430315898467,121.4552730734544,94.82766823121176,165.04288236196194
6.15,0.0749121446407155,0.6883243071920274,0.5351866933798495,0.9392200210307866,122.6559569669889,95.36759830594026,167.36432126309907
6.2,0.07519655767536648,0.700453463702207,0.5423445288259084,0.9597597104595392,123.87491431568301,95.9134125524879,169.73312012540137
6.25,0.07547570197263986,0.7127132059074031,0.5495218628100842,0.9806687315347029,125.1124371457926,96.46519659128907,172.15038814774013
6.3,0.07574958728619241,0.7251043021931942,0.5567181860703909,1.0019538578204052,126.36882284335732,97.02303739808757,174.61726426550723
6.3500000000000005,0.07601822364055688,0.7376275222030682,0.563932994565781,1.023622007899365,127.64437426289675,97.58702332928117,177.1349180271963
6.4,0.07628162132850103,0.7502836366573729,0.5711657894772327,1.0456802485597823,128.93939983860355,98.15724414787938,179.70455049914912
6.45,0.07653979090838825,0.7630734171714965,0.5784160772066272,1.068135798057839,130.2542136981067,98.73379105009514,182.3273951994517
6.5,0.07679274320154095,0.7759976360733183,0.5856833693734882,1.0909960294576466,131.58913577887043,99.3167566925842,185.00471906198763
6.55,0.0770404892896075,0.7890570662199486,0.5929671828096492,1.1142684740505175,132.94449194729202,99.90623522034541,187.73782343169302
6.6000000000000005,0.07728304051193091,0.8022524808138138,0.6002670395519215,1.1379608248554838,134.3206141205805,100.50232229530371,190.52804509210935
6.65,0.07752040846292296,0.815584653218109,0.6075824668328319,1.1620809402030399,135.71784039147406,101.10511512558394,193.37675732634594
6.7,0.07775260498943926,0.8290543567716641,0.6149129970694971,1.186636847404139,137.13651515588907,101.71471249550335,196.285371012643
6.75,0.07797964218815967,0.8426623646032531,0.6222581678507018,1.2116367465065108,138.57698924356237,102.33121479629047,199.2553357557289
6.8,0.07820153240297245,0.8564094494453961,0.6296175219222512,1.2370890141404356,140.039620051774,102.95472405755288,202.28814105523946
6.8500000000000005,0.0784182882223613,0.8702963834476781,0.6369906071706576,1.26300220745616,141.52477168223362,103.58534397951391,205.38531751250952
6.9,0.07862992247679701,0.8843239379896373,0.6443769766052319,1.2893850681551826,143.03281508121168,104.2231799660346,208.54843807708494
6.95,0.0788364482361339,0.8984928834932576,0.651776188338643,1.3162465266177243,144.56412818300143,104.86833915844002,211.77911933436366
7.0,0.07903787880700919,0.9128039892351014,0.6591878055660063,1.3435957061287174,146.1190960568069,105.52093047017448,215.07902283583246
7.05,0.07923422773024824,0.9272580231581298,0.6666113965425642,1.3714419272047407,147.6981110571413,106.18106462230017,218.44985647340386
7.1000000000000005,0.0794255087782737,0.9418557516832518,0.6740465345600237,1.399794712024375,149.30157297783683,106.84885417986553,221.89337589943568
7.15,0.07961173595251858,0.9565979395206374,0.6814927979216059,1.4286637889645113,150.92988920976438,107.52441358916528,225.41138599406736
7.2,0.07979292348084555,0.971485349480845,0.6889497699158712,1.4580590972452252,152.58347490235587,108.20785921590979,229.0057423815583
7.25,0.07996908581496975,0.9865187422857993,0.6964170387893751,1.487990791685881,154.2627531290434,108.8993093843335,232.67835299740267
7.3,0.08014023762788669,1.0016988763796655,0.7038941977182127,1.5184692475752064,155.96815505671708,109.59888441726349,236.43117970804386
7.3500000000000005,0.08030639381130589,1.0170265077396636,0.7113808447785104,1.5495050656581462,157.70012011930868,110.30670667717071,240.26623998508106
7.4,0.08046756947308864,1.0325023896868697,0.7188765829159135,1.5811090772423717,159.45909619562315,111.0229006082341,244.18560863595312
7.45,0.08062377993469083,1.0481272726970374,0.7263810199141316,1.6132923494274125,161.2455397915295,111.74759277944219,248.19141959314388
7.5,0.08077504072861275,1.0639019042115003,0.7338937683625848,1.6460661904594205,163.05991622662637,112.48091192875285,252.28586776402327
7.55,0.08092136759585045,1.079827028448185,0.7414144456232097,1.6794421552146883,164.9026998255276,113.22298900835558,256.4712109435719
7.6000000000000005,0.0810627764833558,1.0959033862127856,0.7489426737964702,1.7134320508151084,166.77437411386782,113.97395723104461,260.74977179224345
7.65,0.08119928354150074,1.1121317147101561,0.7564780796866246,1.748047942378821,168.67543201918076,114.73395211774586,265.12393988137654
7.7,0.08133090512154606,1.1285127473559449,0.764020294766297,1.783302158909446,170.6063760767821,115.50311154622699,269.59617380864285
7.75,0.08145765777311487,1.1450472135885332,0.771568955140393,1.8192072993272816,172.5677186408006,116.2815758010218,274.16900338610185
7.8,0.08157955824167618,1.1617358386813246,0.7791237015094172,1.8557762386460424,174.559982100479,117.06948762458725,278.84503190351217
7.8500000000000005,0.08169662346602635,1.178579343555418,0.7866841791322202,1.8930221342987295,176.58369910194554,117.86699226975978,283.6269384697659
7.9,0.08180887057578323,1.195578444592726,0.7942500377882349,1.9309584326163471,178.6394127755493,118.67423755350578,288.51748043524236
7.95,0.08191631688888057,1.2127338534495762,0.8018209317392271,1.9695988754632787,180.72767696897074,119.49137391203483,293.5194958981788
8.0,0.08201897990907137,1.2300462768708529,0.8093965196906163,2.0089575070332124,182.84905648623737,120.31855445729074,298.635906298129
8.05,0.08211687732343398,1.2475164165047063,0.8169764647523917,2.0490486808096353,185.00412733283733,121.1559350348738,303.86971909981116
8.100000000000001,0.08221002699988644,1.2651449687179008,0.8245604343996702,2.0898870666949816,187.19347696708635,122.00367428341923,309.22403057068993
8.15,0.08229844698470457,1.2829326244118349,0.8321481004329312,2.131487658312668,189.41770455794693,122.86193369548523,314.70202865585077
8.200000000000001,0.08238215550004557,1.3008800688392816,0.8397391389379618,2.1738657804863384,191.6774212494786,123.73087767998695,320.30699595381816
8.250000000000002,0.08246117094147876,1.3189879814219014,0.8473332302455475,2.2170370969007163,193.97325043210662,124.61067362621557,326.04231279711377
8.3,0.08253551187552055,1.3372570355685691,0.8549300588909422,2.261017617948656,196.30582802091882,125.50149196949488,331.9114604415462
8.350000000000001,0.08260519703717495,1.3556878984945753,0.8625293135731512,2.30582370876904,198.67580274119487,126.40350625851906,337.9180243683508
8.4,0.08267024532748102,1.3742812310417292,0.8701306871140528,2.3514720974802796,201.0838364213681,127.31689322441309,344.0656977034552
8.450000000000001,0.08273067581106508,1.393037687499432,0.8777338764173951,2.397979883614384,203.53060429365505,128.24183285157358,350.35828475836786
8.500000000000002,0.08278650771369866,1.4119579154267492,0.8853385824276913,2.4453645467565712,206.01679530257073,129.1785084503365,356.79970469732325
8.55,0.08283776041986102,1.4310425554755435,0.892944510089043,2.493643955395634,208.54311242157252,130.12710673152844,363.3939953355453
8.600000000000001,0.08288445347031126,1.450292241214713,0.9005513683039222,2.542836375990341,211.11027297804827,131.0878178829405,370.1453170736207
8.65,0.08292660655966,1.4697075989555684,0.908158869891928,2.5929604822572956,213.71900898694852,132.06083564781082,377.05795697331945
8.700000000000001,0.08296423953395327,1.4892892475784265,0.9157667315485538,2.644035364685862,216.37006749326045,133.0463574053359,384.13633298021983
8.750000000000002,0.08299737238825755,1.509037798360422,0.9233746738039803,2.6960805402858488,219.06421092364073,134.04458425330344,391.3849982989218
8.8,0.0830260252642524,1.5289538548046329,0.93098242098192,2.7491159625738346,221.80221744745862,135.05572109288983,398.80864592672435
8.850000000000001,0.08305021844782878,1.5490380124705274,0.9385897011585362,2.80316203180418,224.58488134753708,136.07997671569132,406.4121133519574
8.9,0.083069972366693,1.5692908588058012,0.9461962461214529,2.8582396054508385,227.41301340089242,137.11756389305532,414.20038742339364
8.950000000000001,0.08308530758797683,1.5897129729796469,0.9538017913288841,2.9143700089464,230.28744126977307,138.16869946777928,422.17860939744924
9.000000000000002,0.0830962448158522,1.610304925717485,0.961406075868886,2.971575046684774,233.20900990332,139.23360444825133,430.3520801701559
9.05,0.08310280488915467,1.6310672791372274,0.9690088424187682,3.029877013294273,236.1785819501559,140.312504105094,438.72626570115244
9.100000000000001,0.08310500877900884,1.652000586587107,0.9766098372046697,3.089298705187878,239.19703818227615,141.40562807040774,447.3068026373353
9.15,0.08310287758646284,1.6731053924851027,0.9842088099613153,3.1498634323977432,242.26527793055092,142.51321043966925,456.0995041440063
9.200000000000001,0.08309643254012777,1.6943822321600348,0.9918055138919777,3.2115950307011416,245.3842195322252,143.6354898763798,465.1103659517946
9.250000000000002,0.08308569499382312,1.7158316316943494,0.9993997056286479,3.2745178740452534,248.55480079078274,144.77270971954277,474.3455726279322
9.3,0.08307068642422755,1.7374541077686447,1.0069911451924352,3.3386568872783653,251.77797944856593,145.92511809405983,483.811504080842
9.350000000000001,0.08305142842853697,1.7592501675079912,1.0145795959542132,3.404037559195311,255.05473367254206,147.09296802412936,493.51474230736227
9.4,0.08302794272212777,1.7812203083300613,1.0221648245955097,3.470685955905078,258.3860625536397,148.27651754974556,503.46207839235734
9.450000000000001,0.08300025113622733,1.8033650177951424,1.0297466010696708,3.5386287345288574,261.77298662007644,149.47602984638874,513.6605197708608
9.500000000000002,0.08296837561558867,1.8256847734580663,1.0373246985632973,3.6078931572368775,265.2165483651406,150.69177334801645,524.1172977633712
9.55,0.08293233821617407,1.8481800427220627,1.0448988934579655,3.678507105632698,268.71781278985327,151.92402187344027,534.8398753953022
9.600000000000001,0.08289216110284248,1.870851282694639,1.0524689652922512,3.7504990954938338,272.27786796102816,153.17305475621632,545.8359555121851
9.650000000000002,0.08284786654704424,1.8936989400454771,1.0600346967240506,3.82389829187774,275.8978255851948,154.4391569781433,557.1134892026043
9.700000000000001,0.08279947692452327,1.9167234508663857,1.0675958734932203,3.8987345246025567,279.578821598896,155.72261930648511,568.6806845414335
9.750000000000002,0.08274701471302381,1.939925240533411,1.0751522843845405,3.9750383041121538,283.3220167759169,157.02373843504606,580.5460156665141
9.8,0.08269050249000431,1.9633047235710235,1.0827037211909971,4.052840837735279,287.12859735196196,158.34281712920998,592.7182322024216
9.850000000000001,0.08262996293035896,1.9868623035185777,1.090249978677415,4.132174046348957,290.9997756673695,159.6801643750727,605.2063690456088
9.900000000000002,0.08256541880414403,2.0105983727989143,1.0977908545444155,4.213070581456395,294.93679082844767,161.03609553280543,618.0197565258679
9.950000000000001,0.08249689297431317,2.0345133125892696,1.105326149392734,4.2955638426900995,298.9409093880364,162.4109324943737,631.1680309596412
10.000000000000002,0.08242440839445597,2.0586074926944846,1.1128556666878873,4.379687995751076,303.0134260459608,163.80500384577365,644.6611456115276
10.05,0.08234798810654731,2.082881271422493,1.1203792127251897,4.465477990795224,307.1556643699759,165.21864503390242,658.5093820808554
10.100000000000001,0.08226765523870083,2.1073349954622436,1.1278965965951435,4.552969581278547,311.36897753794835,166.6521985382432,672.7233621311926
10.150000000000002,0.08218343300293063,2.131968999763947,1.1354076301491816,4.642199343272806,315.65474910193313,168.10601404750366,687.3140599812564
10.200000000000001,0.08209534469291946,2.156783607421818,1.1429121279657866,4.733204695263815,320.0143937749136,169.5804486413808,702.2928150766423
10.250000000000002,0.0820034136817942,2.1817791295592297,1.1504099073169767,4.826023918444754,324.44935824094296,171.07586697761698,717.6713453626122
10.3,0.08190766341990852,2.2069558652163765,1.1579007881351646,4.920696177517181,328.9611219894898,172.59264148452434,733.461761079097
10.350000000000001,0.08180811743263317,2.2323141012404855,1.165384592980397,5.0172615420129425,333.5511981748043,174.13115255915864,749.6765791000561
10.400000000000002,0.08170479931815278,2.2578541121785225,1.1728611470079606,5.115761008150221,338.2211345011563,175.69178877133538,766.3287378403215
10.450000000000001,0.08159773274527071,2.283576160172534,1.1803302779363776,5.21623652123768,342.9725141348322,177.27494707368058,783.4316127541152
10.500000000000002,0.08148694145122248,2.309480494857563,1.1877918160157726,5.318730998640676,347.80695664379147,178.88103301791574,800.9990324504989
10.55,0.0813724492394936,2.3355673532622063,1.1952455939966211,5.423288353324138,352.7261189659785,180.5104609776085,819.0452954523109
10.600000000000001,0.08125427997764956,2.361836959711857,1.202691447098884,5.529953517987017,357.7316964072164,182.16365437757523,837.5851876261154
10.650000000000002,0.0811324575951694,2.3882895257345687,1.2101292129815078,5.638772469803468,362.82542366977174,183.8410459301994,856.6340003122662
10.700000000000001,0.08100700608129086,2.414925249969716,1.2175587317123222,5.74979225578662,368.00907591261455,185.5430778788725,876.2075491852497
10.750000000000002,0.08087794948286053,2.4417443180793046,1.2249798457383028,5.863061018790924,373.28446984451216,187.27020224882665,896.322193876121
10.8,0.08074531190219425,2.4687469026621027,1.232392399856221,5.978628024169608,378.6534648510934,189.0228811055981,916.9948583901145
10.850000000000001,0.08060911749494482,2.495933163170495,1.239796241183665,6.096543687104303,384.11796415708494,190.80158682139557,938.2430523542298
10.900000000000002,0.0804693904679783,2.5233032458301587,1.2471912191304404,6.216859600624118,389.6799160249723,192.60680234964727,960.084893131117
10.950000000000001,0.08032615507725815,2.550857283562574,1.254577185370347,6.339628564332179,395.3413149913859,194.43902150801682,982.5391288373715
11.000000000000002,0.08017943562573948,2.5785953959103196,1.26195399381332,6.4649046138578905,401.1042031425312,196.29874927017462,1005.6251623060479
11.05,0.08002925646127046,2.6065176889652686,1.2693215005779535,6.592743051053804,406.97067143010514,198.1865020666513,1029.3630760352296
11.100000000000001,0.07987564197450248,2.634624255299617,1.2766795639643822,6.723200474956411,412.94286102913514,200.10280809508697,1053.7736581663758
11.150000000000002,0.07971861659681123,2.6629151738998096,1.2840280444275345,6.856334813530744,419.02296473924105,202.04820764020278,1078.8784295382204
11.200000000000001,0.07955820479822417,2.691390510103385,1.2913668045507498,6.992205356219141,425.2132284309487,204.02325340386568,1104.6996718643788
11.250000000000002,0.07939443108535904,2.720050315538677,1.2986957090197546,7.130872787315146,431.5159525386386,206.02851084558677,1131.2604570848785
11.3,0.07922731999937005,2.7488946280675095,1.306014624596997,7.272399220183917,437.9334936018983,208.0645585338487,1158.5846779444644
11.350000000000001,0.07905689611390632,2.777923471730766,1.3133234200963384,7.416848232351356,444.4682658569894,210.13198850863253,1186.6970798528835
11.400000000000002,0.07888318403307626,2.8071368566969364,1.320621966358094,7.564284901484429,451.1227428803683,212.23140665558526,1215.62329408531
11.450000000000001,0.07870620838942333,2.836534779213631,1.3279101362244266,7.714775842286105,457.8994592861328,214.36343309222835,1245.3898723836073
11.500000000000002,0.0785259938419125,2.8661172215620203,1.335187804515083,7.868389244328595,464.8010124794043,216.5287025666526,1276.024323022214
11.55,0.07834256507392501,2.8958841520142853,1.3424548480034733,8.025194910849516,471.83006446778546,218.72786486917636,1307.5551484056716
11.600000000000001,0.07815594679126392,2.9258355247940155,1.349711145393088,8.18526429853608,478.9893437330387,220.9615852574344,1340.0118842679271
11.650000000000002,0.07796616372016929,2.95597128003962,1.356956577294254,8.34867055832319,486.28164716528676,223.23054489540752,1373.4251405471437
11.700000000000001,0.07777324060534452,2.986291343770693,1.3641910262012154,8.515488577231823,493.7098420620834,225.53544130690497,1407.8266440132786
11.750000000000002,0.0775772022079928,3.016795627857402,1.3714143764695477,8.685795021275158,501.27686819485064,227.87698884405287,1443.2492827296824
11.8,0.0773780733038626,3.0474840299928636,1.3786265142938943,8.85966837946011,508.9857399452764,230.25591917136254,1479.727152433948
11.850000000000001,0.07717587868130704,3.0783564336684868,1.3858273276860205,9.037189008913254,516.8395485142976,232.6729817659421,1517.2956049273735
11.900000000000002,0.07697064313935043,3.109412708152364,1.3930167064531855,9.218439181160377,524.8414642065803,235.1289444345105,1555.991298567255
11.950000000000001,0.07676239148576847,3.1406527084705966,1.4001945421768258,9.403503129590042,532.9947387933232,237.6245938478177,1595.852250960516
12.000000000000002,0.07655114853517853,3.1720762753916647,1.4073607281915457,9.59246709813226,541.3027079565128,240.16073609316692,1636.9178939625663
12.05,0.07633693910714034,3.203683235413779,1.4145151595644143,9.785419391183991,549.7687938178072,242.73819724573713,1679.229131090351
12.100000000000001,0.07611978802427022,3.2354734007551817,1.4216577330745566,9.982450424814465,558.3965075553374,245.3578239594183,1722.828397464075
12.150000000000002,0.07589972011036339,3.267446569347492,1.4287883471930456,10.18365277928375,567.1894521119973,248.02048407795849,1767.7597223982293
12.200000000000001,0.07567676018853153,3.2996025248319594,1.4359069020630815,10.389121252909225,576.1513249987419,250.72706726717496,1814.0687947682657
12.250000000000002,0.0754509330793498,3.3319410365587783,1.4430132994804623,10.598952917315428,585.2859211967956,253.4784856690998,1861.803031286322
12.3,0.07522226359901607,3.3644618595892535,1.450107442874332,10.813247174103548,594.5971361626698,256.27567457891,1911.0116478259001
12.350000000000001,0.07499077655752273,3.397164734701026,1.4571892372882107,11.032105812978157,604.0889689401707,259.11959314555264,1961.7457339428524
12.400000000000002,0.07475649675684004,3.430049388396186,1.4642585893613003,11.255633071369449,613.7655253837193,262.01122509701804,2014.0583307477127
12.450000000000001,0.074519448989112,3.4631155329123193,1.4713154073100543,11.483935695590372,623.6310214975114,264.95157949124865,2068.0045122924525
12.500000000000002,0.0742796580348648,3.4963628662365327,1.478359600910025,11.717123003569425,633.6897868952724,267.94169149372175,2123.6414706434225
12.55,0.07403714866122668,3.529791072122302,1.4853910814779567,11.955306949200198,643.9462683855551,270.98262318279575,2181.028604821237
12.600000000000001,0.07379194562016256,3.5633998201092973,1.492409761854152,12.198602188350977,654.4050336877453,274.07546438393507,2240.2276137978743
12.650000000000002,0.07354407364671922,3.5971887655460804,1.4994155563850822,12.44712614657768,665.07077528426,277.2213335340275,2301.3025937516254
12.700000000000001,0.0732935574572845,3.6311575496156028,1.506408380906247,12.700999088585569,675.9483144145499,280.4213785770111,2364.320139790957
12.750000000000002,0.0730404217478593,3.665305799363676,1.5133881527252888,12.960344189485856,687.0426052169129,283.6767778921213,2429.3494523698664
12.8,0.07278469119234332,3.699633127730151,1.5203547906053312,13.22528760789453,698.358739024283,286.9887412561061,2496.4624486291405
12.850000000000001,0.07252639044083253,3.7341391335830174,1.5273082147485726,13.495958560922519,709.9019488206029,290.35851084085556,2565.733878910914
12.900000000000002,0.07226554411793129,3.768823401755266,1.534248346780102,13.772489401106965,721.6776138645325,293.78736224790816,2637.241448706877
12.950000000000001,0.07200217682107835,3.8036855030844907,1.5411751097319424,14.05501569533523,733.6912644876708,297.2766055814043,2711.0659463150428
13.000000000000002,0.07173631311888495,3.8387249944553514,1.54808842802733,14.343676305814514,745.9485870748586,300.8275865611391,2787.291376495064
13.05,0.07146797754948753,3.873941418844657,1.5549882274651967,14.63861347314103,758.4554292343464,304.4416876774058,2866.0051004276893
13.100000000000001,0.07119719461891527,3.909334305369287,1.5618744352048937,14.939972901525053,771.2178051661119,308.12032938942883,2947.297982301092
13.150000000000002,0.07092398879946893,3.9449031693366923,1.5687469797511004,15.24790384622838,784.2419012370218,311.86497136929756,3031.264542864839
13.200000000000001,0.07064838452811695,3.980647512298157,1.5756057909389651,15.56255920327354,797.5340817718248,315.677113793329,3118.0031203106364
13.250000000000002,0.07037040620490354,4.016566822104693,1.5824507999194446,15.884095601485056,811.1008950696045,319.5582986829785,3207.616038859936
13.3,0.07009007819137181,4.052660572965478,1.5892819391448343,16.212673496924307,824.9490796556116,323.510111297442,3300.2097854590206
13.350000000000001,0.06980742480900126,4.088928225509043,1.5960991423545174,16.54845726978243,839.0855707790423,327.53418158024806,3395.8951950053674
13.400000000000002,0.06952247033766024,4.125369226846847,1.6029023445608868,16.891615323796003,853.5175071677087,331.6321856622203,3494.787644552687
13.450000000000001,0.06923523901407169,4.16198301063957,1.6096914820354762,17.242320188253238,868.2522380512988,335.8058474233519,3597.007256967978
13.500000000000002,0.06894575503029587,4.198768997165798,1.6164664922952656,17.600748622659317,883.2973304652536,340.0569401161937,3702.6791145402626
13.55,0.06865404253222507,4.23572659339323,1.6232273140891733,17.96708172413196,898.6605768482046,344.3872880535835,3811.933483070373
13.600000000000001,0.06836012561809579,4.2728551930524175,1.629973887384738,18.34150503760017,914.3500029463004,348.7987683635842,3924.906047000589
13.650000000000002,0.06806402833701475,4.310154176712786,1.6367061533549616,18.7242086688805,930.3738760386086,353.2933128147281,4041.7381561761504
13.700000000000001,0.067765774687499,4.347622911861196,1.6434240543653371,19.1153874007083,946.7407134985264,357.872909714796,4162.577084864967
13.750000000000002,0.0674653886160339,4.38526075298279,1.6501275339610435,19.51524081180235,963.4592917067072,362.539605886483,4287.576303697786
13.8,0.06716289401564479,4.423067041644184,1.656816536854305,19.923973399044144,980.5386553321057,367.295508723561,4416.895765231087
13.850000000000001,0.06685831472448245,4.461041106579027,1.6634910089119221,20.341794702855267,997.9881269985012,372.14278833129754,4550.70220387599
13.900000000000002,0.06655167452442712,4.499182263775703,1.6701508971429482,20.768919435858034,1015.8173173545841,377.0836797550286,4689.169450979717
13.950000000000001,0.0662429971397066,4.5374898165674225,1.6767961496865422,21.205567614907586,1034.0361355670295,382.12048530110087,4832.478765894455
14.000000000000002,0.06593230623552926,4.57596305572438,1.6834267157999598,21.65196469658563,1052.654800256746,387.25557695455575,4980.819183917659
14.05,0.06561962541673372,4.614601259548196,1.6900425458467068,22.10834171624841,1071.683850899662,392.4913988981568,5134.387882040859
14.100000000000001,0.06530497822645442,4.653403693968393,1.6966435912848332,22.5749354307244,1091.1341597145554,397.8304701376369,5293.390563501177
14.150000000000002,0.06498838814480223,4.692369612641036,1.703229804655379,23.051988464759216,1111.0169440617367,403.27538723830907,5458.04186219003
14.200000000000001,0.06466987858756135,4.731498257049438,1.7098011395709596,23.539749461308837,1131.3437793775965,408.82882717843495,5628.565768037779
14.250000000000002,0.06434947290490223,4.770788856606817,1.71635755070449,24.038473235783844,1152.126612671449,414.4935503250675,5805.19607456177
14.3,0.06402719438011129,4.810240628761067,1.722898993778053,24.548420934350904,1173.3777766126004,420.27240353837925,5988.176849838348
14.350000000000001,0.06370306622833422,4.849852779101344,1.7294254255518906,25.069860196400896,1195.1100042371756,426.16832341087644,6177.762932238484
14.400000000000002,0.06337711159533943,4.889624501466674,1.7359368038135365,25.60306532129486,1217.3364443056503,432.18433964812886,6374.220452347922
14.450000000000001,0.06304935355629293,4.929554978056403,1.7424330873670786,26.148317439503774,1240.0706773442716,438.3235785982222,6577.827382585176
14.500000000000002,0.0627198151145546,4.969643379542465,1.7489142360225385,26.705904688259356,1263.3267324047672,444.58926693728847,6788.874116121788
14.55,0.062388519200485826,5.009888865183482,1.755380210585388,27.27612239183804,1287.1191045794944,450.98473551917425,7007.664076815303
14.600000000000001,0.06205548867027688,5.050290582940612,1.7618309728461763,27.859273246602466,1311.4627733105774,457.51342339750073,7234.514361970148
14.650000000000002,0.0617207463047903,5.090847669595108,1.7682664855702854,28.45566751092864,1336.3732215343114,464.17888202902355,7469.756419860308
14.700000000000001,0.061384314808418106,5.131559250867621,1.7746867124877976,29.06562320015076,1361.866455704478,470.9847796676912,7713.736764071967
14.750000000000002,0.06104621680795941,5.172424441539039,1.7810916182834797,29.6894662866585,1387.9590267403626,477.9349059592247,7966.81772685501
14.8,0.06070647485151137,5.213442345573059,1.787481168586882,30.32753090528601,1414.6680519486342,485.033176746816,8229.378253818024
14.850000000000001,0.0603651114073781,5.254612056240197,1.7938553299625415,30.980159564135406,1442.011237970572,492.2836390989981,8501.814742451206
14.900000000000002,0.06002214886299617,5.295932656243448,1.800214069900302,31.647703360981346,1470.0069048095722,499.6904765714863,8784.541927126254
14.950000000000001,0.05967760952387524,5.337403217845288,1.8065573568057323,32.33052220540745,1498.674010997075,507.2580147154997,9077.993813397601
15.000000000000002,0.05933151561255934,5.379022802996266,1.8128851599906575,33.02898504682957,1528.0321799583726,514.9907268457123,9382.624664615038
15.05,0.05898388926759779,5.420790463464903,1.819197449663783,33.74347010856473,1558.1017276442062,522.8932400820562,9698.91004406386
15.100000000000001,0.05863475254254091,5.462705240968965,1.825494196921428,34.47436512810956,1588.9036914968672,530.9703416800271,10027.347916057062
15.150000000000002,0.05828412740494526,5.504766167308097,1.8317753737383506,35.222067603795985,1620.4598608253364,539.2269856655643,10368.459809645052
15.200000000000001,0.057932035735400844,5.546972264497668,1.8380409529586708,35.98698504799679,1652.7928086671234,547.6682997910877,10722.792048848796
15.250000000000002,0.05757849932657222,5.58932254490394,1.8442909082868932,36.76953524705857,1685.925925220538,556.2995928306809,11090.917053596484
15.3,0.057223539882256036,5.631816011380368,1.8505252142790178,37.570146528144186,1719.8834529357346,565.1263622333349,11473.434715827756
15.350000000000001,0.056867179016457325,5.674451657405062,1.8567438463337407,38.38925803317186,1754.6905233585671,574.1543021543768,11870.973855538643
15.400000000000002,0.05650943825248045,5.7172284672194165,1.8629467806837519,39.227320000043534,1790.373195827677,583.389311886606,12284.193761875344
15.450000000000001,0.0561503390220387,5.760145415967711,1.8691339943871093,40.08479405135989,1826.9584981311723,592.8375047138801,12713.78582473973
15.500000000000002,0.055789902664378,5.803201469837894,1.8753054653187142,40.96215349082597,1864.4744692368242,602.5052172115429,13160.47526275845
15.55,0.0554281504254196,5.846395586203169,1.8814611721618553,41.85988360755466,1902.9502042163595,612.3990190194654,13625.022953877995
15.600000000000001,0.05506510345691873,5.889726713764684,1.8876010943998458,42.77848198848423,1942.4159014931108,622.5257231153339,14108.227375299623
15.650000000000002,0.05470078281563939,5.933193792695096,1.8937252123077468,43.718458839129305,1982.9029125504821,632.8923966175737,14610.926659948185
15.700000000000001,0.054335209462546,5.976795754782897,1.899833506944152,44.68033731289163,2024.4437942478662,643.5063721492281,15134.000777189096
15.750000000000002,0.053968404262011105,6.020531523577747,1.9059259601430738,45.66465384916484,2067.0723639007592,654.3752597962612,15678.373846070293
15.8,0.05360038798104272,6.064400014536399,1.9120025545058903,46.67195852047002,2110.823757291882,665.506959695885,16245.016589968565
15.850000000000001,0.053231181288522667,6.108400135169513,1.9180632733933747,47.70281538887049,2155.7344897926987,676.9096752932402,16834.94894218292
15.900000000000002,0.05286080475446653,6.152530785189122,1.924108100917803,48.75780287191634,2201.8425207853975,688.5919273069076,17449.242812713164
15.950000000000001,0.05248927884929744,6.196790856656713,1.9301370219351242,49.83751411837922,2249.187321590089,700.562568446971,18089.025027238436
16.0,0.05211662394313754,6.241179234132042,1.9361500220372172,50.942557394044435,2297.8099471153946,712.8307989321053,18755.48045013182
16.05,0.051742860305114324,6.285694794822394,1.9421470875442037,52.07355647783341,2347.7531114663957,725.4061828555803,19449.85530424706
16.1,0.0513680081026856,6.3303364087324825,1.948128205496841,53.23115106853911,2399.061267760082,738.298665453426,20173.46070118067
16.150000000000002,0.050992087400977826,6.375102938814849,1.9540933636489806,54.41599720246397,2451.780692417041,751.5185913320335,20927.676396770985
16.200000000000003,0.05061511816214437,6.41999324112063,1.960042550460091,55.62876768225718,2505.959574216369,765.0767237162337,21713.954787727656
16.25,0.0502371202447367,6.465006164950887,1.9659757550878534,56.87015251725751,2561.6481084230722,778.9842647837102,22533.825166533465
16.3,0.04985811340309321,6.51014055300818,1.9718929673808137,58.140859375656525,2618.898596318507,793.2528771560393,23388.8982530954
16.35,0.049478117286744894,6.555395241548604,1.9777941778711083,59.44161404880351,2677.765550489556,807.8947066219852,24280.871023084277
16.400000000000002,0.04909715143983506,6.600769060534017,1.9836793777672428,60.77316092798571,2738.305806258725,822.9224061743317,25211.53185449209
16.450000000000003,0.0487152353005571,6.646260833784664,1.9895485589469433,62.136263494024504,2800.57863966546,838.3491614473903,26182.76601565406
16.5,0.048332388200607035,6.6918693791318935,1.9954017139500593,63.53170482003709,2864.6458924405847,854.1887176490983,27196.561519865838
16.55,0.047948629364652606,6.737593508571173,2.001238835971534,64.96028808772607,2930.5721044491274,870.4554080885997,28255.015373766666
16.6,0.0475639779098167,6.783432028415219,2.0070599188544302,66.42283711756474,2998.4246541135994,887.16418440804,29360.3402488884
16.650000000000002,0.04717845284517963,6.829383739447203,2.0128649570830124,67.92019691326057,3068.273907368743,904.330648635454,30514.87160819184
16.700000000000003,0.04679207307129285,6.875447437074127,2.0186539457758936,69.4532342208879,3140.1933757434012,921.9710871851723,31721.075322073713
16.75,0.04640485737971256,6.921621911480125,2.024426880679231,71.02283810309035,3214.259884209928,940.1025069414721,32981.555811198996
16.8,0.046016824452545624,6.967905947779894,2.030183758159982,72.62992052876878,3290.553749494819,958.7426735725849,34299.06475669328
16.85,0.0456279928620118,7.0142983261720175,2.035924575199213,74.27541697867652,3369.1589695981165,977.9101522334433,35676.5104216657
16.900000000000002,0.04523838107002309,7.06079782209221,2.0416493293854643,75.96028706736081,3450.1634253302072,997.6243508284498,37116.96763181571
16.950000000000003,0.04484800742777606,7.107403206366555,2.047358018908167,77.68551518189832,3533.659094741381,1017.9055660196666,38623.68846701772
17.0,0.04445689017536003,7.154113245364485,2.0530506425511117,79.45211113788528,3619.7422813904905,1038.775032180743,40200.1137202976
17.05,0.044065047441380845,7.200926701151699,2.0587271996859715,81.26111085315797,3708.513857478361,1060.2549735136106,41849.88518558634
17.1,0.043672497242599695,7.247842331642833,2.0643876902658773,83.11357703972821,3800.0795229575156,1082.3686595630968,43576.858841082656
17.150000000000002,0.04327925748358685,7.294858890753843,2.0700321148190355,85.01059991443698,3894.5500818239025,1105.1404643844287,45385.11900104161
17.200000000000003,0.042885345956388266,7.341975128554249,2.0756604744424094,86.9532979288407,3992.0417368998,1128.5959296403946,47278.993515382375
17.25,0.0424907803402117,7.389189791418919,2.081272770795435,88.94281851885707,4092.676404528142,1152.7618319282212,49263.070103719
17.3,0.04209557820112131,7.43650162217965,2.0868690060937967,90.98033887471799,4196.582050725781,1177.6662546632078,51342.21391841537
17.35,0.04169975699175177,7.4839093602763125,2.0924491831032475,93.06706673178495,4303.893050474816,1203.3386648735782,53521.58643998015
17.400000000000002,0.0413033340510347,7.531411741907595,2.0980133051334713,95.20424118280357,4414.750571983793,1229.809995293342,55806.665817822955
17.450000000000003,0.04090632660393889,7.579007500181384,2.103561376032002,97.39313351218904,4529.302987913124,1257.1127321740173,58203.26878003782
17.5,0.040508751761227924,7.626695365264591,2.109093400178182,99.63504805294586,4647.706315738912,1285.2810092738403,60717.57424764548
17.55,0.04011062651922637,7.6744740645325615,2.114609382477166,101.93132306685129,4770.124689631115,1314.350708525629,63356.14880178346
17.6,0.03971196775960584,7.7223423227179735,2.1201093283539763,104.28333164853865,4896.730866436675,1344.3595679292948,66125.97416667266
17.650000000000002,0.039312792249181716,7.770298862059066,2.1255932437475953,106.69248265414447,5027.706768604573,1375.3472972670197,69034.47688720195
17.700000000000003,0.03891311663972341,7.818342402447515,2.131061135105108,109.16022165519507,5163.244067154644,1407.3557022944872,72089.56039761467
17.75,0.038512957467781495,7.866471661575441,2.136513009375884,111.68803191842997,5303.544808086551,1440.428818123465,75299.6396973944
17.8,0.038112331154523615,7.914685355082051,2.1419488740058092,114.27743541228016,5448.82208595589,1474.6130525804342,78673.67887227584
17.85,0.037711254005588724,7.962982196699353,2.1473687369315506,116.92999384073364,5599.300768701298,1509.9573404006608,82221.23172246212
17.900000000000002,0.03730974221095107,8.011360898397397,2.152772606574871,119.64730970535071,5755.218278213585,1546.513309202641,85952.48578716056
17.950000000000003,0.036907811844799854,8.059820170528756,2.1581604918369877,122.43102739620393,5916.825431579445,1584.3354582802515,89878.31008452084
18.0,0.03650547886543021,8.108358721972134,2.1635324020929607,125.28283431254272,6084.387348430974,1623.481351354564,94010.30691959913
18.05,0.0361027591151476,8.156975260275459,2.16888834718614,128.2044620140086,6258.184430382198,1664.0118245423384,98360.86815034674
18.1,0.03569966832018712,8.205668491797915,2.1742283374226363,131.19768740324054,6438.513419147525,1705.9912109268296,102943.23634341743
18.150000000000002,0.035296222090642204,8.254437121851387,2.1795523835658424,134.26433394074746,6625.688540625313,1749.4875832606513,107771.57129841628
18.200000000000003,0.034892435920409026,8.30327985484093,2.184860496830992,137.40627289293423,6820.042742990157,1794.5730164894626,112861.02247155127
18.25,0.03448832518714018,8.352195394404463,2.1901526888797602,140.6254246142064,7021.929037697454,1841.3238719653448,118227.80788851973
18.3,0.03408390515221493,8.401182443551546,2.1954289718148994,143.92375986409277,7231.72195325587,1889.8211054176304,123889.30020239952
18.35,0.03367919096071814,8.450239704801206,2.200689358174915,147.30330116035998,7449.819112701831,1940.1506009747802,129864.12062666331
18.400000000000002,0.03327419764143269,8.49936588031901,2.2059338609287873,150.76612416911811,7676.642946909483,1992.4035337812968,136172.24155695477
18.450000000000003,0.032868940106843936,8.548559672052926,2.2111624934707175,154.3143591329404,7912.642557224136,2046.676764036971,142835.09878955357
18.5,0.03246343315315603,8.597819781868505,2.216375269614927,157.95019233805593,8158.295742429744,2103.0732656036703,149875.71435086272
18.55,0.032057691460320004,8.64714491168284,2.2215722035904846,161.6758676216987,8414.111206775171,2161.702592683058,157318.8310725432
18.6,0.03165172959207352,8.696533763597666,2.226753310036175,165.49368792072644,8680.630967720163,2222.6813884727485,165191.06018310587
18.650000000000002,0.031245561995991267,8.745985040031409,2.231918603995406,169.40601686266064,8958.432984249032,2286.13394016504,173521.04334119198
18.700000000000003,0.030839203003548366,8.795497443850088,2.237068100911145,173.41528040032225,9248.134029073508,2352.1927851683918,182339.6307110426
18.75,0.0304326668301933,8.845069678497374,2.2422018166209066,177.52396849127783,9550.3928308553,2420.999374017921,191680.0768800846
18.8,0.0300259675754333,8.894700448123324,2.2473197673517618,181.73463682334287,9865.91351575975,2492.704796104494,201578.2566455518
18.85,0.029619119222930035,8.94438845771217,2.2524219697153907,186.04990858742005,10195.449381277342,2567.4705751078486,212072.90295612946
18.900000000000002,0.02921213564060554,8.994132413208998,2.257508440703174,190.4724762989951,10539.807039373482,2645.4695418786987,223205.8695905701
18.950000000000003,0.028805030580759672,9.043931021645248,2.262579197681316,195.00510366964227,10899.85097073243,2726.8867934951686,235022.42149395103
19.0,0.028397817680199444,9.093782991263,2.2676342583859967,199.65062752992867,11276.508537240832,2811.9207483395226,247571.55608065013
19.05,0.027990510460374485,9.143687031638375,2.2726736409185806,204.4119598051607,11670.775506020582,2900.784308324977,260906.35925935346
19.1,0.027583122327527687,9.193641853803435,2.277697363740838,209.29208954542963,12083.722145373296,2993.706140870299,275084.4004484788
19.150000000000002,0.027175666572853974,9.243646170367022,2.2827054456702074,214.29408501148163,12516.499961131096,3090.9320949127646,290168.1714424964
19.200000000000003,0.026768156372667384,9.29369869563455,2.287697905875104,219.42109581796728,12970.349151252487,3192.726767194092,306225.5746731143
19.250000000000004,0.0263606047885806,9.343798145726378,2.29267476387025,224.67635513566617,13446.606867285123,3299.3752372967606,323330.4672003892
19.3,0.02595302476769301,9.393943238695032,2.297636039512046,230.06318195433826,13946.716383796953,3411.18499250337,341563.2676865906
19.35,0.0255454291427899,9.444132694641162,2.3025817529939694,235.58498340788938,14472.237291321933,3528.4880665543114,361011.6346719396
19.400000000000002,0.02513783063254771,9.494365235828377,2.3075119248420197,241.2452571635947,15024.856845154402,3651.643419868194,381771.2257136713
19.450000000000003,0.02473024184175121,9.544639586796698,2.3124265759101865,247.04759387716774,15606.402621842746,3781.039592843902,403946.54839958553
19.500000000000004,0.024322675261521542,9.594954474474637,2.3173257273759513,252.99567971551306,16218.856658019053,3917.0976685960973,427651.9159439448
19.55,0.023915143269548134,9.645308628290353,2.3222094007358347,259.093298949059,16864.371272846733,4060.274587008801,453012.5220635985
19.6,0.023507658130333953,9.695700780281173,2.3270776178009642,265.3443366156117,17545.286806568052,4211.066858467865,480165.6521710888
19.650000000000002,0.023100231995448417,9.746129665201968,2.3319304006926824,271.7527812577297,18264.151544344535,4370.01473325182,509262.0506794203
19.700000000000003,0.02269287690378874,9.796594020632128,2.336767771838181,278.32272773567973,19023.74413780677,4537.706891527793,540467.4674717594
19.750000000000004,0.022285604781848378,9.847092587081427,2.341589753966181,285.0583801180891,19827.098887811804,4714.785729493667,573964.4104510198
19.8,0.021878427443996484,9.897624108094366,2.346396370102635,291.96405465246454,20677.534312413245,4901.953329753241,609954.1356728672
19.85,0.021471356592764,9.948187330353191,2.3511876435664627,299.04418281781744,21578.68549597261,5099.978218920048,648658.9120348541
19.900000000000002,0.02106440381913799,9.998781003779747,2.3559635979653244,306.30331446169623,22534.54080103608,5309.703033203351,690324.6040312741
19.950000000000003,0.0206575806028636,10.049403881635827,2.3607242571914253,313.7461210239882,23549.483627067817,5532.053233957776,735223.623921835
20.000000000000004,0.02025089831275495,10.100054720622264,2.365469645417351,321.3773988499258,24628.34002302822,5768.0470406304175,783658.3140912615
20.05,0.019844368207013185,10.150732280976511,2.37019978709193,329.20207259479133,25776.43310869483,6018.806779163761,835964.8317576364
20.1,0.019438001433551122,10.201435326569184,2.374914706936142,337.22519872290775,26999.645438242453,6285.571880884329,892517.6219708902
20.150000000000002,0.01903180903032653,10.252162624998927,2.3796144299390507,345.4519691035365,28304.490656078862,6569.713811702956,953734.5815967405
20.200000000000003,0.018625801925683305,10.302912947685975,2.384298981353756,353.88771470642183,29698.196058318947,6872.753265939,1020083.0374231449
20.250000000000004,0.01821999093869664,10.353685069964545,2.388968386693404,362.53790939977534,31188.797994967765,7196.380025609546,1092086.6865642688
20.3,0.0178143867795294,10.404477771173635,2.3936226717272104,371.4081738535642,32785.25244232762,7542.475967575947,1170333.6781274572
20.35,0.017409000049792178,10.45528983474646,2.398261862476515,380.50427955107943,34497.56356100317,7913.141801364487,1255486.0531387073
20.400000000000002,0.017003841242911544,10.506120048298706,2.4028859852108795,389.8321529118087,36336.93365578408,8310.728244644422,1348290.8068941878
20.450000000000003,0.016598920744504975,10.55696720371515,2.4074950664442043,399.3978795287567,38315.93870048762,8737.872497618444,1449592.8966932024
20.500000000000004,0.01619424883276044,10.607830097235109,2.4120891329308893,409.20770852341974,40448.73452335956,9197.541070160267,1560350.5915210976
20.55,0.015789835678826636,10.65870752953627,2.4166682116620075,419.2680570217235,42751.299918884855,9693.080257141886,1681653.6528912198
20.6,0.015385691347203356,10.709598305817462,2.4212323298615317,429.5855147543437,45241.72442841254,10228.275862154052,1814744.9532627717
20.650000000000002,0.014981825796143267,10.76050123587974,2.4257815149825763,440.16684878487655,47940.55040496461,10807.42415629172,1961046.2875469015
20.700000000000003,0.014578248878057032,10.811415134206158,2.430315794703671,451.01900836948687,50871.181367700396,11435.416551714467,2122189.32399077
20.750000000000004,0.014174970339924542,10.862338820040328,2.4348351969250785,462.1491299517255,54060.3717196751,12117.841102421935,2300052.8863103497
20.8,0.013771999823712466,10.913271117463427,2.4393397497651255,473.56454229631726,57538.816866702065,12861.104761963023,2496808.077107931
20.85,0.013369346866797027,10.964210855469704,2.443829481556572,485.27277176584,61341.86793149718,13672.581390566518,2714973.1675911387
20.900000000000002,0.012967020902391546,11.015156868041018,2.4483044208430167,497.28154774431727,65510.402012192615,14560.79189602851,2957480.723719301
20.950000000000003,0.012565031259980874,11.06610799421952,2.452764596375322,509.59880821187147,70091.88784993684,15535.624729239773,3227760.160329718
21.000000000000004,0.012163387165759154,11.117063078179312,2.4572100371080774,522.2327054746909,75141.69863168843,16608.60739789687,3529839.8771717018
21.05,0.01176209774307524,11.168020969296396,2.461640772196083,535.1916120546844,80724.73956763705,17793.24293811074,3868474.4253860503
21.1,0.01136117201287945,11.218980522217716,2.46605683099088,548.4841267433528,86917.47942386061,19105.42971718702,4249303.910111948
21.150000000000002,0.010960618894178431,11.269940596928326,2.4704582430372946,562.1190808244781,93810.50462734373,20563.988997712684,4679055.242507263
21.200000000000003,0.010560447204493228,11.320900058817452,2.474845038070012,576.105544470411,101511.75519542501,22191.333051783666,5165798.186819803
21.250000000000004,0.010160665660322032,11.371857778743244,2.479217246010199,590.4528333168762,110150.65844271553,24014.31827445343,5719273.8103702
21.3,0.009761282877607136,11.422812633095974,2.483574896962133,605.1705152212957,119883.45645643545,26065.344200218962,6351319.542793488
21.35,0.009362307372206335,11.473763503860082,2.487918021209873,620.268417209857,130900.13771773051,28383.782836140228,7076424.505996958
21.400000000000002,0.008963747560371549,11.52470927867458,2.4922466492139543,635.7566326186184,143433.54891314017,31017.856764951826,7912462.506129544
21.450000000000003,0.008565611759224878,11.57564885089249,2.4965608116081213,651.6455284341793,157771.50638543695,34027.1344702974,8881670.304163361
21.500000000000004,0.008167908187244555,11.626581119638605,2.5008605391960756,667.9457528395219,174273.08988914578,37485.88592491431,10011969.041273367
21.55,0.007770644964752771,11.677504989866165,2.5051458629482686,684.6682429708394,193390.85253177548,41487.65464647158,11338772.736510811
21.6,0.007373830114408397,11.728419372411867,2.5094168139987048,701.8242328913293,215701.53279901782,46151.57729475331,12907499.125265626
21.650000000000002,0.0069774715616991445,11.77932318405001,2.513673423641793,719.4252617880653,241949.1982372789,51631.25758396762,14777110.92237979
21.700000000000003,0.006581577135442829,11.830215347544925,2.5179157233292138,737.4831823982965,273106.9166536225,58127.4456457654,17025197.94540325
21.750000000000004,0.006186154568289748,11.881094791702191,2.5221437446668133,756.0101696716271,310466.6292525145,65906.50782820955,19755412.54182218
21.8,0.005791211497226834,11.931960451418695,2.5263575194115377,775.0187296748006,355772.973506818,75327.91702435489,23108584.637245975
21.85,0.005396755464086134,11.982811267731282,2.5305570794683874,794.5217087459285,411427.426615041,86886.17085306665,27279743.85271383
21.900000000000002,0.005002793916058956,12.033646187863924,2.5347424568873946,814.5323029052307,480808.3621059225,101276.48345565196,32544910.854799487
21.950000000000003,0.00460933420620846,12.084464165273987,2.5389136838606423,835.0640675295913,568788.7545446574,119500.9999938,39304601.71333406
22.000000000000004,0.0042163835939872385,12.135264159696932,2.5430707927192984,856.1309272983633,682604.2765584452,143046.8241858545,48157059.0122535
22.05,0.0038239492457594615,12.186045137189774,2.547213815930685,877.7471864181505,833371.3071454322,174197.19715978278,60026802.121070124
22.1,0.0034320382353225654,12.236806070173355,2.551342786095369,899.9275391344491,1038876.308337894,216603.05472878387,76401750.11896364
22.150000000000002,0.0030406575444331674,12.287545937473334,2.5554577359442887,922.6870805383213,1329015.7689553117,276397.227343116,99797444.18346594
22.200000000000003,0.0026498140633355316,12.33826372435996,2.559558698335903,946.0413176764357,1757208.306116115,364530.8533831744,134734651.36491907
22.250000000000004,0.0022595145912923664,12.38895842258637,2.5636457062533573,970.0061809731122,2426635.2109392434,502143.3382023469,189995887.73231658
22.3,0.0018697658371156223,12.439629030426111,2.567718792801702,994.5980359732251,3558221.572288702,734468.2367754783,284494029.41999775
22.35,0.0014805744197032844,12.490274552708975,2.571777991205111,1019.8336954150848,5697856.4226208,1173202.533131242,465231244.2696182
22.400000000000002,0.0010919468685764988,12.540894000855833,2.575823334804141,1045.7304316426137,10517813.911428187,2160294.99191489,877034610.1947668
22.450000000000003,0.0007038896244166981,12.591486392912282,2.579854857053016,1072.3059893665754,25413698.500919417,5206982.834860827,2164260855.6390867
22.500000000000004,0.0003164090396078345,12.642050753581053,2.583872591516937,1099.5785987846475,126275694.1334299,25809127.9180889,10983190427.11201
22.55,-7.048862122249755e-05,12.692586114253224,2.587876571869417,1127.566989070634,2554536351.513219,520841435.824191,226936483740.9034
22.6,-0.00045679718065649855,12.743091513038149,2.591866831889639,1156.2904022432638,61070007.36563781,12421265.77779829,5541407539.101695
22.650000000000002,-0.0008425105479434869,12.793565994792475,2.59584340545985,1185.7686074253934,18023574.25659362,3657023.881835487,1670510673.5501587
22.700000000000003,-0.0012276227184503385,12.844008611147782,2.5998063265627724,1216.0219155047243,8522573.478450416,1725087.6356965834,806884862.8223481
22.750000000000004,-0.0016121277731131478,12.89441842053705,2.6037556292790405,1247.0711942074236,4961383.969046303,1001846.7694397231,479835447.3549373
22.8,-0.001996019877888666,12.944794488220209,2.607691347784668,1278.9378835964792,3249117.639393611,654525.3355618303,321010862.01588553
22.85,-0.0023792932832016334,12.99513588630835,2.6116135163485397,1311.6440120067969,2295540.016957603,461331.3310499368,231696793.62389216
22.900000000000002,-0.0027619423233933293,13.045441693786898,2.6155221693299238,1345.2122124295206,1710131.7803816288,342869.7693075496,176344366.8548878
22.950000000000003,-0.0031439614161675733,13.095710996537562,2.619417341176009,1379.665739358371,1324874.2737408828,265002.6904558595,139578801.4045883
23.000000000000004,-0.003525345062036944,13.145942887359451,2.623299066419479,1415.0284861111816,1057763.255700329,211078.76285083004,113857571.9674618
23.05,-0.0039060878437675584,13.196136465988818,2.627167379676094,1451.3250026401279,864893.8048800997,172188.33686066125,95121932.61158296
23.1,-0.004286184425822959,13.246290839117812,2.6310223156423094,1488.5805138446237,721028.7442268018,143213.12579654995,81027160.85685444
23.150000000000002,-0.004665629553806561,13.296405120412297,2.634863909092913,1526.820938401214,610820.6802512889,121042.44348353594,70140297.00286555
23.200000000000003,-0.005044418053906874,13.346478430528402,2.63869219487869,1566.0729081251845,524498.857132743,103697.09491106324,61544583.072891556
23.250000000000004,-0.005422544832336285,13.396509897128169,2.6425072079241074,1606.3637878790937,455601.7321778977,89868.99352650739,54630805.32806941
23.3,-0.0058000048747751665,13.446498654894047,2.6463089832250257,1647.7216960437738,399716.88620502746,78665.41423600315,48980943.11230745
23.35,-0.006176793245812662,13.496443845542537,2.6500975558464384,1690.1755255679698,353747.3726552107,69460.15249567309,44300199.24791342
23.400000000000002,-0.006552905088387018,13.546344617836699,2.653872960920225,1733.7549656129768,315467.31131990254,61803.400931032236,40375690.484744266
23.450000000000003,-0.006928335623226145,13.596200127597484,2.6576352336429316,1778.4905238093997,283243.3440708041,55365.28469961795,37050469.88382516
23.500000000000004,-0.007303080148289065,13.646009537714567,2.661384409273583,1824.4135491434683,255854.78098363624,49899.41735465022,34206698.13761963
23.55,-0.007677134038206135,13.695772018155685,2.6651205231315083,1871.5562554908909,232374.3947849333,45218.755669312515,31754453.242878743
23.6,-0.008050492743718829,13.745486745975194,2.6688436105941857,1919.95174581675,212087.56092718546,41179.227940601115,29624115.201842334
23.650000000000002,-0.008423151791120298,13.795152905321823,2.6725537070951253,1969.63403706049,194436.26253482277,37668.40119841637,27761075.455689713
23.700000000000003,-0.00879510678169737,13.844769687445263,2.6762508481217617,2020.6380857255863,178979.5872806863,34597.48938191308,26121992.54963094
23.750000000000004,-0.009166353391169224,13.894336290701917,2.679935069213376,2072.9998141940287,165365.38748128017,31895.622206993037,24672097.34604024
23.8,-0.009536887369128944,13.943851920559595,2.683606405959026,2126.75613778635,153309.63680219644,29505.672160144022,23383223.868730113
23.85,-0.00990670453848641,13.993315789601626,2.6872648939955273,2181.944992588601,142581.18302299458,27381.17351476939,22232350.288668692
23.900000000000002,-0.01027580079490853,14.042727117529715,2.6909105690054247,2238.605364068076,132990.34221747803,25484.018485407465,21200504.073432907
23.950000000000003,-0.010644172106260785,14.092085131165966,2.694543466715003,2296.777316500499,124380.26620496552,23782.714237912987,20271930.75977551
24.000000000000004,-0.01101181451205202,14.141389064454264,2.6981636228923183,2356.5020232318734,116620.33812963322,22251.049921376416,19433456.04168705
24.05,-0.011378724122876438,14.190638158460594,2.701771073345245,2417.8217977988306,109601.0690097733,20867.06704460459,18673991.314188413
24.1,-0.011744897119856268,14.239831661372374,2.705365853919548,2480.780125932146,103230.1174458121,19612.2567650557,17984146.8527958
24.150000000000002,-0.012110329754088989,14.288968828497369,2.708948000496976,2545.4216984686836,97429.15843616321,18470.928665571344,17355926.583894197
24.200000000000003,-0.01247501834609066,14.338048922261278,2.7125175489933726,2611.7924451978174,92131.4002785034,17429.710375779632,16782485.29611945
24.250000000000004,-0.012838959285243257,14.38707121220493,2.7160745353568148,2679.9395696691167,87279.60055605574,16477.147921900534,16257934.064902762
24.3,-0.013202149029239663,14.436034974980219,2.7196189955657584,2749.9115849887994,82824.46968665,15603.384270533214,15777183.215932501
24.35,-0.013564584103534894,14.484939494345772,2.723150965627225,2821.75835063346,78723.3777977298,14799.899050390011,15335814.745897213
24.400000000000002,-0.01392626110079176,14.533784061161366,2.726670481574989,2895.531110310018,74939.30075292614,14059.296492433648,14929978.02924818
24.450000000000003,-0.014287176680333191,14.582567973381835,2.730177579467796,2971.282530892125,71439.9560439213,13375.13163835754,14556304.060331948
24.500000000000004,-0.014647327567590684,14.631290536050024,2.733672295387593,3049.0667424637545,68197.0904073529,12741.767119809601,14211834.54607211
24.55,-0.0150067105535594,14.67995106128924,2.737154665437793,3128.9393795018836,65185.88943909787,12154.254510387254,13893962.970468964
24.6,-0.015365322494250155,14.7285488682948,2.7406247257415446,3210.9576232308896,62384.48587806729,11608.235545060848,13600385.366729703
24.650000000000002,-0.015723160310142203,14.77708328332468,2.74408251244002,3295.1802451822346,59773.54813551697,11099.859491910529,13329059.004686752
24.700000000000003,-0.016080220985643323,14.825553639689907,2.747528061690738,3381.6676519943003,57335.93443013327,10625.71372500503,13078167.566044662
24.750000000000004,-0.016436501568542483,14.873959277743745,2.750961409665891,3470.4819314877086,55056.400828839985,10182.765140541038,12846091.664049393
24.8,-0.016791999169471605,14.922299544870622,2.7543825925506993,3561.686900052963,52921.3537907807,9768.310521929488,12631383.786588239
24.85,-0.017146710961363776,14.970573795473872,2.757791646541774,3655.348151388079,50918.63961900824,9379.93432402883,12432746.917076068
24.900000000000002,-0.017500634178915453,15.018781390963396,2.761188607845517,3751.5331066249732,49037.36465321068,9015.472634862439,12249016.22636645
24.950000000000003,-0.01785376611804934,15.066921699742192,2.7645735126765176,3850.31106588461,47267.74117310193,8672.982302247103,12079143.339629756
25.000000000000004,-0.018206104135379153,15.114994097192392,2.767946397255982,3951.7532613018843,45600.95489024314,8350.714395801622,11922182.770780656
25.05,-0.018557645647675147,15.16299796566072,2.7713072978101785,4055.9329115626974,44029.05063555624,8047.091321802074,11777280.188392583
25.1,-0.018908388131332776,15.210932694443335,2.7746562505688996,4162.92527799655,42544.83343851358,7760.687026950555,11643662.234732063
25.150000000000002,-0.019258329121840556,15.258797679769742,2.7779932917639307,4272.807722269453,41141.78267133128,7490.209823261285,11520627.666428864
25.200000000000003,-0.019607466213253377,15.306592324786662,2.7813184576275622,4385.659765723342,39813.977320109814,7234.48744451551,11407539.623530213
25.250000000000004,-0.019955797057663482,15.354316039540777,2.7846317843910935,4501.56315040927,38556.03076272292,6992.454008719891,11303818.865038203
25.3,-0.02030331936467722,15.401968240961171,2.78793330828337,4620.60190186315,37363.03369408815,6763.138613494614,11208937.83478591
25.35,-0.020650030900888572,15.449548352841077,2.7912230655293264,4742.86239367434,36230.50405453402,6545.655334589275,11122415.442812312
25.400000000000002,-0.020995929489361242,15.497055805819219,2.7945010923485585,4868.4334138986005,35154.34299475187,6339.194433483348,11043812.465012603
25.450000000000003,-0.02134101300910607,15.544490037360433,2.7977674249539035,4997.4062333686525,34130.79605855731,6143.014609734449,10972727.478542088
25.500000000000004,-0.021685279394564327,15.591850491735679,2.8010220995500363,5129.874675956923,33156.41888758182,5956.436158445774,10908793.262671392
25.55,-0.022028726635092477,15.63913662000192,2.8042651523320923,5265.9351908469225,32228.046854856355,5778.834913892354,10851673.60506316
25.6,-0.022371352774447906,15.686347879981039,2.807496619484297,5405.686926871022,31342.76812040508,5609.6368776582185,10801060.462049905
25.650000000000002,-0.022713155910276672,15.733483736238368,2.81071653717861,5549.231808974097,30497.89967444055,5448.313444194575,10756671.42875052
25.700000000000003,-0.023054134193604137,15.780543660060898,2.813924941573397,5696.674616864823,29690.965994884136,5294.377148986618,10718247.480999673
25.750000000000004,-0.023394285828328476,15.82752712943486,2.8171218688121087,5848.123065917133,28919.679997651878,5147.377874900045,10685550.95626294
25.8,-0.02373360907071309,15.874433629022718,2.8203073550219777,6003.687890387269,28181.926002024575,5006.899461085729,10658363.7451361
25.85,-0.024072102228885228,15.921262650139907,2.823481436312727,6163.482929012872,27475.744470705562,4872.556666303567,10636485.668781139
25.900000000000002,-0.024409763662333606,15.968013690731015,2.826644148775303,6327.625213063204,26799.31831602628,4743.9924449172095,10619733.020884655
25.950000000000003,-0.024746591781410476,16.01468625534551,2.8297955284806213,6496.235056911027,26150.960590932587,4620.875499262001,10607937.255468251
26.000000000000004,-0.02508258504683336,16.06127985511296,2.832935611478316,6669.436151199022,25529.103406723832,4502.898076767973,10600943.804257281
26.05,-0.02541774196919222,16.107794007718027,2.8360644337955234,6847.35565867583,24932.28793952221,4389.7739842307155,10598611.00934257
26.1,-0.025752061108456625,16.154228237374884,2.8391820314356697,7030.124312778671,24359.155404718636,4281.2367950835005,10600809.158636402
26.150000000000002,-0.026085541073485707,16.200582074801144,2.8422884403772684,7217.876519041927,23808.438893505925,4177.03822850273,10607419.613136977
26.200000000000003,-0.026418180521540213,16.246855057191624,2.845383696572746,7410.750459413324,23278.955978487797,4076.9466817582006,10618334.016334929
26.250000000000004,-0.026749978157798338,16.29304672819156,2.8484678359472735,7608.8881995621705,22769.60200650044,3980.74589945253,10633453.577237625
26.3,-0.027080932734872443,16.339156637869507,2.851540894397614,7812.435799265411,22279.344006478383,3888.2337652348588,10652688.419483595
26.35,-0.027411043052327666,16.385184342689683,2.8546029077909836,8021.543425961233,21807.215148615705,3799.2212032594853,10675956.989885509
26.400000000000002,-0.027740307956205412,16.431129405484377,2.85765391196393,8236.36547156134,21352.30969841993,3713.5311781300115,10703185.520494405
26.450000000000003,-0.028068726338546623,16.476991395425483,2.8606939427212263,8457.06067261652,20913.778415684348,3630.997783355777,10734307.538948197
26.500000000000004,-0.028396297136919046,16.522769887996116,2.863723035834769,8683.792233932278,20490.82435400709,3551.4654094677903,10769263.422440454
26.55,-0.02872301933394583,16.56846446496153,2.866741227042497,8916.727955734406,20082.6990214168,3474.7879839277084,10807999.991161702
26.6,-0.029048891956838685,16.614074714340177,2.8697485520473354,9156.04036448767,19688.698866980267,3400.828275825927,10850470.137510356
26.650000000000002,-0.029373914076930685,16.659600230373954,2.872745046516129,9401.906847472608,19308.16206207885,3329.457259126715,10896632.487770995
26.700000000000003,-0.02969808480921332,16.70504061349834,2.875730746078603,9654.50979122996,18940.465548378626,3260.5535288853403,10946451.09330152
26.750000000000004,-0.03002140331187675,16.750395470312473,2.878705686326345,9914.036723984476,18585.022327482624,3194.002765454007,10999895.148582842
26.8,-0.030343868785850714,16.795664413548522,2.881669902811783,10180.680462163356,18241.27896986657,3129.697242215393,11056938.733759573
26.85,-0.030665480474348583,16.84084706204106,2.8846234310471885,10454.639261127966,17908.713323007232,3067.535372843211,11117560.57953924
26.900000000000002,-0.030986237662415594,16.88594304069608,2.8875663065036883,10736.116970241093,17586.832400663217,3007.421294498757,11181743.852534214
26.950000000000003,-0.03130613967647722,16.93095198045975,2.8904985646102905,11025.32319239517,17275.170437094715,2949.264483736636,11249475.959325697
27.000000000000004,-0.03162518588389185,16.975873518286903,2.893420240752925,11322.47344813104,16973.287091616294,2892.9794022139304,11320748.36769427
27.05,-0.03194337569250516,17.020707297109226,2.896331370273488,11627.789344479996,16680.765790325655,2838.485169585781,11395556.443618359
27.1,-0.032260708550207906,17.06545296580338,2.899231988468914,11941.498748666922,16397.21219313024,2785.705261225554,11473899.30277616
27.150000000000002,-0.032577183944496046,17.110110179158774,2.9021221305902505,12263.835966814177,16122.252775342582,2734.567228636758,11555779.67540809
27.200000000000003,-0.03289280140203188,17.15467859784491,2.905001831841739,12595.041927792614,15855.533514139926,2685.002440628121,11641203.783509018
27.250000000000004,-0.03320756048821094,17.19915788837905,2.907871127379929,12935.364372368605,15596.718671095092,2636.9458435048546,11730181.229410976
27.3,-0.03352146080673002,17.243547723093148,2.910730052312783,13285.058047800438,15345.489662815064,2590.3357386944194,11822724.894912185
27.35,-0.03383450199915572,17.287847780100705,2.9135786416988014,13644.384908042852,15101.544012457583,2545.1135763710736,11918850.850184942
27.400000000000002,-0.03414668374449992,17.332057743263743,2.916416930546167,14013.614319722154,14864.594375551469,2501.2237637742996,12018578.271760587
27.450000000000003,-0.034458005758794874,17.376177302159167,2.919244953811888,14393.023274049741,14634.367634153323,2458.6134870367346,12121929.36896401
27.500000000000004,-0.034768467794671576,17.420206152045253,2.9220627464009636,14782.89660484629,14410.604053900173,2417.2325454422103,12228929.31822014
27.55,-0.03507806964094018,17.464143993827676,2.9248703431655514,15183.527212854233,14193.056499003642,2377.033197131257,12339606.204710834
27.6,-0.035386811122176454,17.507990534025826,2.927667778904162,15595.216296521492,13981.489700663873,2337.9700153574254,12453990.970904589
27.650000000000002,-0.035694692098306446,17.55174548473843,2.930455088360846,16018.27358944384,13775.679574782986,2299.999754477581,12572117.371531937
27.700000000000003,-0.03600171246419648,17.59540856360951,2.933232306224409,16453.01760466033,13575.412585202797,2263.0812249280134,12694021.934609164
27.750000000000004,-0.03630787214924425,17.63897949379372,2.935999467127621,16899.775886000145,13380.485149021204,2227.1751765037075,12819743.928154944
27.8,-0.03661317111697593,17.682458003922026,2.938756605646459,17358.885266686746,13190.703080827623,2192.244189314926,12949325.332271706
27.85,-0.03691760936464206,17.72584382806701,2.941503756299345,17830.69213540975,13005.881072970109,2158.2525718492698,13082810.816300169
27.900000000000002,-0.03722118692281706,17.769136705707897,2.9442409535463883,18315.552710081683,12825.842209198225,2125.1662656135154,13220247.720774233
27.950000000000003,-0.03752390385500415,17.812336381695857,2.946968231788666,18813.833319504083,12650.417509246847,2092.9527558733544,13361686.04393079
28.000000000000004,-0.03782576025723994,17.855442606218883,2.9496856253674872,19325.91069317196,12479.445502128436,2061.580988049238,13507178.43255485
28.05,-0.0381267562577029,17.898455134766706,2.952393168563681,19852.172259454113,12312.771826075803,2031.021289361317,13656780.17695555
28.1,-0.038426892016323766,17.941373728095513,2.9550908955968933,20393.01645239305,12150.248853245455,2001.2452953497213,13810549.209890762
28.150000000000002,-0.038726167724401295,17.984198152192732,2.957778840624895,20948.85302737532,11991.735337438411,1972.225880925617,13968546.109271543
28.200000000000003,-0.039024583604217566,18.026928178241604,2.9604570377428967,21520.103385930695,11837.096083237842,1943.9370956365876,14130834.104500286
28.250000000000004,-0.03932213990865663,18.06956358258567,2.9631255209828806,22107.200909925472,11686.201635081641,1916.354102853613,14297479.086303469
28.3,-0.03961883692082835,18.112104146693287,2.965784324312936,22710.591305424943,11538.927984903905,1889.4531226098175,14468549.619936153
28.35,-0.039914674953692164,18.154549657122082,2.9684334816366125,23330.732956505257,11395.156297087819,1863.2113778425685,14644116.96165091
28.400000000000002,-0.040209654349683266,18.19689990548308,2.9710730267922747,23968.097289304515,11254.772649563132,1837.607043808638,14824255.078330686
28.450000000000003,-0.040503775480345894,18.239154688405222,2.9737029935524726,24623.169146613684,11117.667789968784,1812.6192004593827,15009040.670195455
28.500000000000004,-0.04079703874596341,18.281313807499444,2.9763234156233267,25296.44717331148,10983.736905889036,1788.2277875801756,15198553.196510036
28.55,-0.04108944457519559,18.32337706932296,2.9789343266439117,25988.444212961793,10852.879408234428,1764.4135625109952,15392874.904217852
28.6,-0.04138099342471613,18.36534428534327,2.981535760185656,26699.687715897784,10724.998726915645,1741.1580602801064,15592090.859444331
28.650000000000002,-0.04167168577885394,18.407215271902437,2.9841277497517575,27430.72015912828,10600.002118015478,1718.443555994125,15796288.98181502
28.700000000000003,-0.04196152214923765,18.44898985018116,2.9867103287765984,28182.099478410928,10477.800481722981,1696.2530293394439,16005560.081543405
28.750000000000004,-0.04225050307444045,18.490667846162648,2.9892835306251735,28954.399512847256,10358.308190347925,1674.5701310606155,16219997.899252381
28.8,-0.042538629119631355,18.53224909059695,2.991847388592533,29748.21046236514,10241.442925778127,1653.3791512901457,16439699.14849308
28.85,-0.042825900876225176,18.573733418964807,2.9944019359032312,30564.13935846477,10127.125525792962,1632.6649896141128,16664763.560941277
28.900000000000002,-0.04311231896153822,18.615120671441712,2.996947205710778,31402.81054861398,10015.279838681095,1612.4131267649832,16895293.93424542
28.950000000000003,-0.043397884018445354,18.656410692861993,2.9994832310971153,32264.866194694096,9905.832585653785,1592.6095978414523,17131396.182516716
29.000000000000004,-0.043682596715040045,18.697603332682828,3.002010045072089,33150.966785903736,9798.71323057729,1573.24096696157,17373179.38944927
29.05,-0.043966457744296306,18.738698444948252,3.004527680572937,34061.79166654471,9693.853856581767,1554.2943032620572,17620755.864067752
29.1,-0.044249467823734956,18.77969588825322,3.0070361704637847,34998.039579123346,9591.189049132512,1535.7571581623863,17874241.199100506
29.150000000000002,-0.04453162769509056,18.82059552570768,3.009535547535149,35960.429223215746,9490.655785179795,1517.6175438181153,18133754.331986163
29.200000000000003,-0.04481293812398335,18.86139722490074,3.012025844503455,36949.699830556965,9392.193328025814,1499.863912692478,18399417.60851919
29.250000000000004,-0.045093399899590714,18.90210085786455,3.014507094010554,37966.611756827806,9295.743127575157,1482.4851381806106,18671356.84915174
29.3,-0.045373013834324794,18.942706301038722,3.016979328623261,39011.94709062856,9201.248725652604,1465.4704962243338,18949701.417964198
29.35,-0.04565178076351051,18.983213435234376,3.019442580832897,40086.510280140734,9108.655666096998,1448.809647860262,19234584.294329267
29.400000000000002,-0.04592970154506637,19.023622145598335,3.0218968830548314,41191.12877799425,9017.911409356188,1432.4926226472292,19526142.147292487
29.450000000000003,-0.0462067770591883,19.06393232157738,3.024342267628045,42326.65370487273,8928.965251326277,1416.5098029226406,19824515.412697315
29.500000000000004,-0.0464830082080363,19.104143856882605,3.0267787668147,43493.960532405385,8841.768246194995,1400.8519088406022,20129848.373086583
29.55,-0.046758395915423856,19.144256649453812,3.0292064127997147,44693.949785908015,8756.273133064282,1385.5099841476958,20442289.24041487
29.6,-0.047032941126508576,19.184270601423677,3.0316252376903443,45927.54776755548,8672.434266141563,1370.4753826551105,20761990.241611958
29.650000000000002,-0.047306644807487475,19.224185619082554,3.034035273515781,47195.70730058234,8590.207548301238,1355.7397553681803,21089107.707035672
29.700000000000003,-0.0475795079452932,19.26400161284272,3.03643655222675,48499.40849512792,8509.550367831751,1341.2950382371769,21423802.161862273
29.750000000000004,-0.04785153154729327,19.303718497203157,3.038829105695126,49839.65953635864,8430.421538194,1327.1334404951454,21766238.420460317
29.8,-0.04812271664099188,19.34333619071398,3.0412129657135436,51217.497495519005,8352.78124062748,1313.247433550785,22116585.683799013
29.85,-0.04839306427373613,19.382854615941408,3.0435881639950324,52633.989164585946,8276.590969450539,1299.6297404062404,22475017.639944848
29.900000000000002,-0.04866257551242059,19.422273699432466,3.0459547321726497,54090.23191521257,8201.813479912309,1286.2733255718833,22841712.567707088
29.950000000000003,-0.048931251443197876,19.461593371679733,3.0483127017991176,55587.35458267626,8128.412738458251,1273.171385451131,23216853.44348674
30.000000000000004,-0.04919909317119142,19.50081356708658,3.0506621043464874,57126.5183755636,8056.353875283436,1260.3173391705818,23600628.05139574
30.05,-0.04946610182020961,19.53993422393198,3.0530029712057885,58708.91781194409,7985.603139053472,1247.7048198320174,23993229.096712492
30.1,-0.04973227853246265,19.578955284335702,3.055335333686698,60335.78168280966,7916.12785368012,1235.3276661641316,24394854.322742164
30.150000000000002,-0.049997624468282154,19.617876694223604,3.0576592230172226,62008.37404358026,7847.896377045177,1223.1799145531995,24805706.6311546
30.200000000000003,-0.050262140805844124,19.65669840329289,3.059974670343373,63727.995234496186,7780.878061572255,1211.2557914330623,25225994.20587367
30.250000000000004,-0.05052582874089273,19.695420364977526,3.0622817067288617,65495.98293074519,7715.043216552993,1199.5497060161267,25655930.6405996
30.3,-0.0507886894864672,19.73404253641373,3.0645803631547976,67313.71322319531,7650.363072137988,1188.0562433478658,26095735.070043396
30.35,-0.05105072427263235,19.772564878405678,3.0668706705193984,69182.6017306329,7586.809744908403,1176.7701576684112,26545632.30495795
30.400000000000002,-0.05131193434620962,19.810987355391173,3.069152659637701,71104.10474442621,7524.356204950046,1165.6863660659221,27005852.971055888
30.450000000000003,-0.05157232097051179,19.849309935407376,3.071426361241281,73079.72040656865,7462.976244354132,1154.7999424069799,27476633.651902843
30.500000000000004,-0.05183188542507955,19.887532590056907,3.073691805977988,75110.98992208113,7402.644447074971,1144.1061115303337,27958217.03588253
30.55,-0.052090629005421496,19.925655294473795,3.0759490244116794,77199.49880677868,7343.3361600772305,1133.60024369091,28450852.067328602
30.6,-0.052348553022755206,19.96367802728975,3.078198047021967,79346.87817144295,7285.027465710642,1123.277849241904,28954794.101927962
30.650000000000002,-0.05260565880375068,20.00160077060019,3.0804389042039615,81554.8060434641,7227.69515525207,1113.1345735432792,29470305.066496927
30.700000000000003,-0.05286194769027763,20.039423509930977,3.082671626268043,83825.00872705945,7171.316703558574,1103.166192085644,29997653.623239145
30.750000000000004,-0.0531174210391544,20.077146234204772,3.0848962434396188,86159.26220319288,7115.870244778476,1093.3686058192104,30537115.33859588
30.8,-0.05337208022189743,20.114768935707577,3.0871127858588965,88559.39357036642,7061.334549070494,1083.7378366780558,31088972.856807113
30.85,-0.053625926624477294,20.152291610055777,3.089321283580672,91027.28252748495,7007.689000281777,1074.270023290157,31653516.07829539
30.900000000000002,-0.053878961647071955,20.189714256162784,3.0915217665741075,93564.86290002297,6954.913574541843,1064.9614168647638,32231042.34300311
30.950000000000003,-0.054131186703826994,20.227036876206302,3.0937142647225357,96174.12421077423,6902.988819727428,1055.8083772484001,32821856.61880138
31.000000000000004,-0.05438260322261368,20.264259475595225,3.095898807823249,98857.11329648728,6851.895835759739,1046.8073691419497,33426271.69510885
31.05,-0.05463321264479393,20.30138206293722,3.0980754255873224,101615.93597173969,6801.6162556937325,1037.9549584710053,34044608.38184539
31.1,-0.05488301642498439,20.338404650005984,3.1002441476394185,104452.75874143782,6752.132227564631,1029.247808902681,34677195.713867754
31.150000000000002,-0.05513201603082285,20.37532725170887,3.1024050035176085,107369.81056336693,6703.426396956516,1020.6826785020445,35324371.16102416
31.200000000000003,-0.05538021294273876,20.412149886054593,3.10455802267321,110369.3846622737,6655.481890259722,1012.2564165217308,35986480.84397606
31.250000000000004,-0.05562760865372496,20.448872574121125,3.1067032344706123,113453.84039698425,6608.282298586628,1003.9659603187844,36663879.75593742
31.3,-0.055874204669111305,20.485495340023704,3.1088406681871263,116625.60518212483,6561.8116623161495,995.8083323929726,37356931.99048903
31.35,-0.056120002506340305,20.522018210882834,3.110970353012826,119887.17646604916,6516.054456238787,987.7806375411034,38066010.97562712
31.400000000000002,-0.05636500369474684,20.558441216792804,3.1130923180504073,123241.1237666252,6470.995575275278,979.8800601221025,38791499.714208215
31.450000000000003,-0.0566092097753379,20.594764390789997,3.1152065923150505,126690.09076658315,6426.620320744256,972.1038614280749,39533791.03096531
31.500000000000004,-0.05685262230057453,20.630987768821413,3.117313204734281,130236.79747017687,6382.914387154459,964.449377156589,40293287.826266915
31.55,-0.05709524283415868,20.667111389713572,3.1194121841478495,133884.04242296758,6339.863849498064,956.9140149796636,41070403.33679651
31.6,-0.057337072950819135,20.703135295141365,3.1215035593076133,137634.70499658046,6297.455151024551,949.4952522054208,41865561.403343074
31.650000000000002,-0.05757811423610004,20.739059529596954,3.1235873588774155,141491.74774034874,6255.675091473654,942.1906335282683,42679196.74588904
31.700000000000003,-0.0578183682861535,20.77488414035919,3.125663611432982,145458.21880181995,6214.510815747495,934.9977688637449,43511755.24619059
31.750000000000004,-0.05805783670753262,20.810609177462826,3.12773234546182,149537.2544181457,6173.949803003742,927.9143312645073,44363694.23805543
31.8,-0.05829652111698713,20.846234693668077,3.129793589363123,153732.0814804424,6133.979856151641,920.9380549139287,45235482.8055219
31.85,-0.05853442314126023,20.881760744430263,3.131847371447675,158046.02017327567,6094.5890917341185,914.0667331940523,46127602.089155965
31.900000000000002,-0.058771544416889254,20.917187387869742,3.1338937199377743,162482.48669148117,6055.765930179264,907.2982168246812,47040545.60068106
31.950000000000003,-0.05900788659000766,20.9525146847418,3.1359326629671536,167044.99603659412,6017.499086406202,900.6304120706911,47974819.54616847
32.0,-0.05924345131614661,20.98774269840678,3.137964228580903,171737.1648952391,5979.777560771077,894.0612790147671,48930943.15802485
32.05,-0.05947824026004456,21.022871494800533,3.139988444735409,176562.71460189897,5942.5906303373895,887.5888298925911,49909449.03600262
32.1,-0.05971225509545186,21.05790114240487,3.1420053392982936,181525.47418853609,5905.927840459917,881.211127488288,50910883.49749605
32.15,-0.05994549750494138,21.092831712218025,3.1440149400483524,186629.3835236355,5869.7789966671935,874.92628358732,51935806.9373601
32.199999999999996,-0.06017796917972196,21.127663277725695,3.146017274675512,191878.49654331402,5834.1341568311855,868.7324574845801,52984794.19751839
32.25,-0.06040967181945067,21.162395914871958,3.148012370780785,197276.9845771899,5798.98362361317,862.6278545455468,54058434.94662895
32.3,-0.060640607132048774,21.197029702030335,3.1500002558762255,202829.13977182194,5764.317937173805,856.6107248182133,55157334.070077665
32.35,-0.06087077683351949,21.23156471997517,3.1519809573849,208539.37861459315,5730.127868137229,850.6793616937998,56282112.07058405
32.4,-0.06110018264776884,21.266001051853078,3.1539545026408593,214412.245560998,5696.404410798775,844.8321006142576,57433405.479706325
32.449999999999996,-0.06132882630642622,21.300338783154693,3.1559209188891146,220452.41676839025,5663.138776567341,839.0673178247908,58611867.28055189
32.5,-0.06155670954866732,21.334578001686285,3.1578802332856184,226664.70393932113,5630.322387632534,833.383429169536,59818167.34199239
32.55,-0.06178383412104127,21.368718797541955,3.1598324728972518,233054.05827771255,5597.946870847658,827.7788889286477,61052992.864698075
32.6,-0.06201020177729666,21.402761263075707,3.161777664701822,239625.5745611954,5566.004051820882,822.2521886953057,62317048.83932585
32.65,-0.062235814278211676,21.43670549287375,3.16371583558805,246384.49533302587,5534.48594920566,816.8018562909419,63611058.51718062
32.699999999999996,-0.06246067339142347,21.470551583727023,3.16564701235558,253336.2152171342,5503.384769183585,811.4264547173323,64935763.89370869
32.75,-0.06268478089126384,21.504299634603935,3.1675712217149883,260486.28535992262,5472.692900131006,806.1245811439416,66291926.20515696
32.8,-0.06290813855859134,21.53794974662313,3.1694884902877867,267840.41800255614,5442.402907464072,800.8948659294127,67680326.43878053
32.85,-0.0631307481806288,21.571502023026508,3.171398844606448,275404.4911876131,5412.507528653924,795.7359716756736,69101765.85695733
32.9,-0.06335261155080252,21.60495656915246,3.173302311114419,283184.55360404827,5382.999668406191,790.6465923134981,70557066.53559577
32.949999999999996,-0.06357373046858139,21.638313492409235,3.1751989161661576,291186.829574568,5353.872393998891,785.6254522183851,72047071.91723754
33.0,-0.06379410673931885,21.671572902248442,3.1770886860271506,299417.72418960783,5325.118930772319,780.6713053555258,73572647.37925053
33.05,-0.06401374217409694,21.70473491013879,3.1789716468739595,307883.8285922596,5296.732657765354,775.7829344527913,75134680.81753337
33.1,-0.0642326385895724,21.737799629540017,3.1808478247942564,316591.9254186097,5268.707103492796,770.9591502006928,76734083.24616094
33.15,-0.06445079780782226,21.770767175876863,3.182717245786865,325548.99439805595,5241.035941858845,766.1987904783654,78371789.41341068
33.199999999999996,-0.06466822165619412,21.803637666513392,3.184579935761814,334762.21811837243,5213.712988200992,761.5007196044963,80048758.43462089
33.25,-0.06488491196715629,21.836411220727324,3.1864359205403874,344238.9879603587,5186.7321954602,756.8638276123837,81765974.4423497
33.3,-0.06510087057815073,21.86908795968476,3.188285225855182,353986.91020709253,5160.08765047242,752.2870295481745,83524447.2543078
33.35,-0.06531609933144544,21.901668006414752,3.190127877350167,364013.8123329771,5133.7735703774215,747.7692647915108,85325213.05957264
33.4,-0.06553060007399203,21.934151485784408,3.1919639005807534,374327.7494778542,5107.784299139983,743.3094963976416,87169335.12356529
33.449999999999996,-0.06574437465728222,21.966538524473993,3.193793321013861,384937.01111170277,5082.114304180223,738.9067104603579,89057904.5123365
33.5,-0.06595742493720724,21.998829250952074,3.1956161640279888,395850.12789552077,5056.758173108592,734.5599154949168,90992040.83667885
33.55,-0.06616975277391735,22.03102379545113,3.1974324549132973,407075.87874422077,5031.710610562304,730.2681418402993,92972893.01662827
33.6,-0.06638136003168593,22.063122289943184,3.199242218871691,418623.2980975164,5006.96643513882,726.0304410800077,95001640.0669089
33.65,-0.066592248578772,22.095124868115548,3.2010454810168967,430501.68340492574,4982.520576423955,721.8458854808857,97079491.90391408
33.699999999999996,-0.06680242028728567,22.127031665346788,3.2028422663745566,442720.6028312667,4958.368072110564,717.7135674492173,99207690.17481723
33.75,-0.06701187703305644,22.15884281868306,3.204632599882324,455289.903189152,4934.5040652047355,713.6325990035051,101387509.1094248
33.8,-0.06722062069550039,22.190558466814274,3.2064165063899543,468219.71810518525,4910.923801316903,709.6021112634223,103620256.39541064
33.85,-0.06742865315749103,22.22217875005067,3.2081940106594082,481520.4764268261,4887.622626034331,705.6212539542729,105907274.0775798
33.9,-0.06763597630523133,22.253703810299506,3.2099651373649536,495202.9108769932,4864.595982372491,701.689194926476,108249939.48182517
33.949999999999996,-0.06784259202812659,22.285133791041968,3.2117299110932747,509278.0669637911,4841.839408302687,697.8051196895602,110649666.16447696
34.0,-0.06804850221865888,22.31646883731014,3.213488356343583,523757.31215287984,4819.348534353171,693.9682309601498,113107904.88774219
34.05,-0.06825370877226422,22.347709095664204,3.215240497527727,538652.3453102848,4797.119081281114,690.1777482234414,115626144.62196134
34.1,-0.0684582135872095,22.37885471416994,3.216986358970316,553975.2064236721,4775.1468578134845,686.4329073077736,118205913.57544333
34.15,-0.06866201856447285,22.40990584237617,3.2187259649088347,569738.286610294,4753.427758453905,682.7329599717629,120848780.25262515
34.199999999999996,-0.06886512560762281,22.440862631292486,3.22045933949377,585954.3384201571,4731.957761353977,679.0771735036795,123556354.5413763
34.25,-0.06906753662270171,22.47172523336729,3.222186506788742,602636.4864431208,4710.73292624619,675.4648303325409,126330288.83023298
34.3,-0.06926925351810931,22.502493802465725,3.2239074907706264,619798.2382289441,4689.749392436804,671.8952276506037,129172279.15641461
34.35,-0.06947027820448715,22.533168493847914,3.225622315329691,637453.4955295676,4669.003376856758,668.3676770468696,132084066.38548361
34.4,-0.06967061259460561,22.563749464147573,3.227331004269736,655616.565873171,4648.491172168405,664.8815041511995,135067437.4235229
34.449999999999996,-0.06987025860325202,22.594236871350365,3.2290335813082294,674302.1744798574,4628.20914492635,661.4360482887091,138124226.46274936
34.5,-0.0700692181471193,22.62463087477289,3.2307300700764516,693525.4765290797,4608.153733790871,658.030662144126,141256316.261498
34.55,-0.0702674931446966,22.654931635041343,3.232420494119636,713302.0697892249,4588.321447791793,654.664711435745,144465639.4595298
34.6,-0.0704650855161627,22.685139314070913,3.2341048768971223,733648.0076201743,4568.708864641316,651.3375745986572,147754179.92966408
34.65,-0.07066199718327759,22.715254075044868,3.235783241782507,754579.8123597873,4549.312629094606,648.0486424770385,151123974.1667489
34.699999999999996,-0.07085823006927838,22.74527608239403,3.237455612063792,776114.4891057996,4530.1294513559105,644.7973180250794,154577112.71500936
34.75,-0.07105378609877544,22.77520550177644,3.239122010943546,798269.5399048207,4511.1561055292805,641.583016016366,158115741.63485807
34.8,-0.07124866719764905,22.805042500057095,3.2407824615390615,821062.9783604981,4492.389428112375,638.4051627614213,161742064.01026994
34.85,-0.07144287529294929,22.834787245287938,3.242436986882517,844513.3446733418,4473.826316531682,635.2631958331076,165458341.49785817
34.9,-0.07163641231279444,22.864439906687828,3.244085609921137,868639.7211249436,4455.463727718391,632.1565637997135,169266895.91882706
34.949999999999996,-0.07182928018627421,22.89400065462306,3.2457283535173636,893461.7480198867,4437.2986767229295,629.0847259653762,173170110.89499652
35.0,-0.07202148084335136,22.923469660587678,3.2473652404490263,918999.6400988236,4419.328235367644,626.0471521177177,177170433.53014454
35.05,-0.07221301621476489,22.952847097183987,3.248996293409503,945274.2034367515,4401.549530936064,623.0433222824067,181270376.13793257
35.1,-0.07240388823193677,22.982133138103546,3.250621535007906,972306.8528409792,4383.959744897473,620.0727264844064,185472518.01773107
35.15,-0.07259409882687723,23.01132795810797,3.2522409877692504,1000119.6297634506,4366.55611166613,617.13486451577,189779507.2796803
35.199999999999996,-0.07278364993209263,23.040431733010102,3.2538546741346366,1028735.2207428846,4349.335917393704,614.229245709723,194194062.72038743
35.25,-0.0729725434804942,23.06944463965521,3.255462616461424,1058176.976392324,4332.296498794047,611.3553887208584,198718975.7506643
35.3,-0.07316078140530818,23.09836685590249,3.257064837023419,1088468.9309483792,4315.435241999281,608.5128213112507,203357112.37678277
35.35,-0.07334836563998759,23.127198560606665,3.2586613580110617,1119635.8223988747,4298.749581446204,605.7010801423028,208111415.2367568
35.4,-0.07353529811812343,23.155939933599626,3.2602522015316007,1151703.113205942,4282.236998792302,602.9197105721803,212984905.69318464
35.449999999999996,-0.07372158077335927,23.184591155672553,3.261837389609296,1184697.0116424777,4265.895021860138,600.1682664586076,217980685.98426506
35.5,-0.07390721553930596,23.213152408557793,3.263416944185599,1218644.4937600042,4249.721223609455,597.446309966906,223101941.43460795
35.55,-0.07409220434945729,23.241623874911227,3.264990887119352,1253573.3260067615,4233.713221136229,594.7534113831064,228351942.72753087
35.6,-0.0742765491371068,23.270005738294586,3.2665592401869743,1289512.088515429,4217.868674697745,592.0891489319788,233734048.24058744
35.65,-0.07446025183526639,23.298298183158042,3.268122025082665,1326490.1990802789,4202.185286762875,589.4531085998208,239251706.4460859
35.699999999999996,-0.07464331437658639,23.326501394822973,3.2696792634185994,1364537.9378443554,4186.660801086868,586.8448839618677,244908458.37845057
35.75,-0.07482573869327364,23.354615559464694,3.2712309767251266,1403686.4727176954,4171.293001810241,584.2640760142385,250707940.1703168
35.8,-0.075007526717016,23.382640864095617,3.27277718645097,1443967.8855484282,4156.079712580217,581.710293010153,256653885.65926164
35.85,-0.07518868037890275,23.410577496548367,3.274317913963434,1485415.1990691286,4141.018795695144,579.1831503004582,262750129.0672314
35.9,-0.07536920160934962,23.438425645459144,3.275853180548606,1528062.4046413796,4126.108151270288,576.682270178199,269000607.75464094
35.949999999999996,-0.07554909233802237,23.466185500251125,3.2773830074115593,1571944.4908224656,4111.345716425007,574.207281727208,275409365.0513276
36.0,-0.07572835449376397,23.493857251118282,3.2789074156765663,1617097.4727785566,4096.729464490229,571.7578206745218,281980553.1664778
36.05,-0.07590699000452072,23.52144108900901,3.2804264263873044,1663558.422569504,4082.257404236004,569.3335292465803,288718436.1797809
36.1,-0.07608500079726999,23.54893720561008,3.281940060507063,1711365.500331393,4067.9275791183863,566.9340560290594,295627393.116124
36.15,-0.07626238879794961,23.57634579333092,3.283448338918964,1760557.9863833291,4053.7380665450605,564.5590558302314,302711921.10614663
36.199999999999996,-0.07643915593138828,23.603667045287644,3.284951282426166,1811176.3142862273,4039.6869771591664,562.2081895477597,309976638.6351366
36.25,-0.07661530412123518,23.63090115528755,3.286448911752083,1863262.1048816477,4025.7724541411,559.8811240388576,317426288.8827282
36.3,-0.07679083528989328,23.65804831781364,3.287941247540598,1916858.2013401361,4011.99267252724,557.5775319936456,325065743.15598834
36.35,-0.07696575135845196,23.685108728009382,3.289428310356284,1972008.7052489964,3998.345838545611,555.2970918116849,332900004.418545
36.4,-0.07714005424662057,23.71208258166346,3.2909101206846163,2028759.0137704008,3984.8301889678028,553.0394874815663,340934210.91846204
36.449999999999996,-0.07731374587266354,23.73897007519478,3.2923866989321944,2087155.8579018416,3971.4439904766564,550.8044084634643,349173639.9176706
36.5,-0.07748682815333663,23.765771405637658,3.293858065426965,2147247.3418717035,3958.1855390493142,548.5915495745782,357623711.52583313
36.55,-0.07765930300382379,23.79248677062705,3.2953242404184375,2209082.983703663,3945.0531593552314,546.4006108773814,366289992.64158607
36.6,-0.07783117233767384,23.819116368383952,3.2967852440779106,2272713.7569849864,3932.045204168841,544.2312975706183,375178201.0042579
36.65,-0.0780024380667404,23.845660397701018,3.298241096498694,2338192.1338743134,3919.160053796118,542.0833198829179,384294209.35911673
36.699999999999996,-0.07817310210112166,23.87211905792829,3.2996918176963357,2405572.1293861177,3906.3961155149887,539.9563929690032,393644049.7394439
36.75,-0.07834316634909977,23.898492548958924,3.3011374276088428,2474909.346989657,3893.751823029207,537.8502368084226,403233917.86871505
36.8,-0.07851263271708259,23.924781071215307,3.3025779460969096,2546261.025561755,3881.225635935121,535.7645761067006,413070177.6863001
36.85,-0.07868150310954752,23.950984825635153,3.304013392944146,2619686.0877337903,3868.8160392009313,533.6991401988423,423159366.0001935
36.9,-0.07884977942898275,23.977104013657737,3.305443787857305,2695245.18967423,3856.5215426586033,531.6536629551912,433508197.2704001
36.949999999999996,-0.07901746357583189,24.003138837210297,3.3068691504665075,2773000.7723498032,3844.3406805074783,529.6278826894918,444123568.52667266
37.0,-0.07918455744844044,24.029089498694653,3.3082895003254777,2853017.114309231,3832.2720108294698,527.621542069127,455012564.4244105
37.05,-0.07935106294299926,24.054956200973827,3.3097048569117695,2935360.386034844,3820.3141151159184,525.6343880275228,466182462.44268966
37.1,-0.07951698195349283,24.080739147358866,3.311115239626998,3020098.705909138,3808.465597805115,523.6661716785688,477640738.22842824
37.15,-0.07968231637164647,24.10643854159581,3.3125206677970698,3107302.197844056,3796.7250858307293,521.7166482330713,489395071.09084994
37.199999999999996,-0.07984706808687508,24.132054587852796,3.3139211606724195,3197043.050622963,3785.09122818062,519.7855769171538,501453349.6505533
37.25,-0.0800112389862308,24.157587490707208,3.315316737428237,3289395.57900609,3773.5626954659815,517.8727208925835,513823677.6475697
37.3,-0.0801748309543549,24.18303745513311,3.316707417164702,3384436.286652261,3762.1381795000793,515.9778471789056,526514379.91290414
37.35,-0.08033784587342713,24.208404686488745,3.3180932189072236,3482243.930911117,3750.816392886942,514.1007265774255,539534008.5083039
37.4,-0.08050028562311878,24.23368939050401,3.3194741616066654,3582899.589541412,3739.596068619128,512.2411335969049,552891349.0389293
37.449999999999996,-0.08066215208054311,24.25889177326836,3.3208502641395863,3686486.7294131727,3728.475959685008,510.3988463810146,566595427.1439906
37.5,-0.08082344712021056,24.284012041218624,3.3222215453084756,3793091.2772528017,3717.4548386845363,508.57364663739685,580655515.1702987
37.55,-0.08098417261398155,24.30905040112698,3.323588023841985,3902801.6924919225,3706.531497453987,506.7653195683882,595081139.0340198
37.6,-0.08114433043102087,24.33400706008914,3.3249497183951693,4015709.0422832123,3695.7047466990866,504.97365380331263,609882085.2760181
37.65,-0.08130392243775425,24.358882225512563,3.3263066475497194,4131907.0787474043,3684.973415636211,503.1984413322891,625068408.3162143
37.699999999999996,-0.08146295049782365,24.383676105104787,3.3276588298141982,4251492.318518505,3674.3363516417917,501.439477441564,640650437.9127642
37.75,-0.08162141647204518,24.408388906862207,3.329006283624285,4374564.124655709,3663.7924199094077,499.696560650278,656638786.8318186
37.8,-0.08177932221836542,24.433020839058308,3.330349027343002,4501224.790992395,3653.3405031145985,497.9694926486802,673044358.7339019
37.85,-0.08193666959182083,24.457572110232668,3.331687079260959,4631579.628995628,3642.9795010869716,496.2580782376986,689878356.2831151
37.9,-0.08209346044449689,24.482042929179894,3.333020457596591,4765737.057210636,3632.7083304896064,494.5621252698706,707152289.4855099
37.949999999999996,-0.08224969662548726,24.506433504938393,3.3343491804963934,4903808.693367531,3622.525924505519,492.8814445915957,724877984.2631806
38.0,-0.08240537998085523,24.53074404677974,3.3356732660351645,5045909.4492303,3612.4312325309215,491.2158499866496,743067591.2708529
38.05,-0.08256051235359424,24.554974764197702,3.336992732216235,5192157.628269051,3602.4232198752584,489.56515812096467,761733594.9618117
38.1,-0.08271509558358947,24.57912586689771,3.3383075969717178,5342675.026241123,3592.500867467777,487.92918848862485,780888822.9104548
38.15,-0.08286913150758196,24.603197564786427,3.3396178781627395,5497587.034766938,3582.6631715703047,486.30776335902146,800546455.3986269
38.199999999999996,-0.08302262195913024,24.627190067961138,3.340923593579682,5657022.747990552,3572.9091434964553,484.7007077252041,820720035.2734445
38.25,-0.0831755687685749,24.651103586699595,3.3422247609424174,5821115.072417157,3563.237809336751,483.10784925333064,841423478.0842885
38.3,-0.08332797376300388,24.674938331449876,3.3435213979005525,5990000.840022405,3553.6482096896175,481.52901823321673,862671082.5069834
38.35,-0.08347983876621601,24.698694512820246,3.3448135220336646,6163820.9247313365,3544.1393993983297,479.9640475299837,884477541.0634338
38.4,-0.08363116559868844,24.72237234156917,3.3461011508515357,6342720.362367587,3534.710447293297,478.4127725367126,906857951.1450567
38.45,-0.08378195607754307,24.745972028595734,3.3473843017944045,6526848.474177253,3525.3604359400165,476.8750311281407,929827826.3489041
38.5,-0.08393221201651191,24.769493784929576,3.3486629922331876,6716358.994033028,3516.0884613924195,475.3506636153647,953403108.1352546
38.55,-0.08408193522590784,24.792937821721626,3.3499372394697358,6911410.199430441,3506.8936329511307,473.8395127014653,977600177.8160009
38.6,-0.08423112751259015,24.816304350234365,3.351207060737059,7112165.046387818,3497.775072927227,472.34142343813994,1002435868.8833009
38.65,-0.08437979067993456,24.83959358183246,3.352472473199568,7318791.30836796,3488.7319164106652,470.85624318321504,1027927479.6882018
38.7,-0.08452792652780405,24.862805727973765,3.353733493953322,7531461.719341931,3479.763311043582,469.3838215590584,1054092786.4793763
38.75,-0.08467553685251678,24.885941000199743,3.3549901400262527,7750354.121117368,3470.868416798511,467.92401041190567,1080950056.8121793
38.8,-0.08482262344681801,24.908999610126703,3.3562424283784122,7975651.6150610605,3462.0464057610347,466.4766637720087,1108518063.3387904
38.85,-0.0849691880998526,24.931981769436835,3.35749037590221,8207542.718345945,3453.2964619169034,465.0416378146201,1136816097.9902766
38.9,-0.08511523259713433,24.95488768986917,3.358733999422645,8446221.5248575,3444.6177809438223,463.61879082183344,1165863986.5618694
38.95,-0.08526075872052014,24.977717583211017,3.3599733156975486,8691887.87090091,3436.0095700072407,462.2079831451749,1195682103.713098
39.0,-0.08540576824818347,25.00047166128932,3.3612083414178215,8944747.50585066,3427.4710475604206,460.80907716898787,1226291388.3945634
39.05,-0.0855502629545864,25.023150135962023,3.3624390932076667,9205012.267891584,3419.00144314873,459.421937274595,1257713359.7137785
39.1,-0.08569424461045466,25.045753219109677,3.36366558762483,9472900.265003717,3410.5999972177597,458.04642980517747,1289970133.2525659
39.15,-0.08583771498275278,25.068281122627273,3.3648878411608383,9748636.061347688,3402.2659609254038,456.6824230313824,1323084437.849045
39.2,-0.08598067583465802,25.09073405841568,3.366105870241227,10032450.869212644,3393.9985959578103,455.32978711765344,1357079632.8576398
39.25,-0.08612312892553747,25.11311223837393,3.3673196912257897,10324582.746692965,3385.7971743489566,453.98839408922646,1391979725.900691
39.3,-0.0862650760109232,25.135415874390816,3.3685293204087996,10625276.801265806,3377.6609783039535,452.65811779982295,1427809391.1260405
39.35,-0.08640651884248945,25.157645178337205,3.3697347740192534,10934785.399445709,3369.5893000258507,451.3388338999854,1464593987.984947
39.4,-0.08654745916803058,25.17980036205816,3.3709360682211065,11253368.38269874,3361.5814415458717,450.0304198060546,1502359580.5454223
39.45,-0.08668789873143795,25.201881637365105,3.3721332191135005,11581293.289803484,3353.6367145571435,448.7327546697885,1541132957.3564322
39.5,-0.0868278392726779,25.22388921602829,3.3733262427310042,11918835.585851701,3345.754440251724,447.4457193485901,1580941651.8787198
39.55,-0.08696728252777242,25.245823309769296,3.374515155043847,12266278.898088988,3337.9339491606893,446.1691963763109,1621813963.4986918
39.6,-0.08710623022877628,25.267684130253464,3.3756999719581486,12623915.25879801,3330.174580997671,444.9030699346807,1663778979.142085
39.65,-0.08724468410375719,25.289471889082538,3.3768807093161515,12992045.355437532,3322.475684505307,443.64722582528304,1706866595.504747
39.7,-0.08738264587677819,25.311186797787634,3.378057382896462,13370978.788254505,3314.836617304606,442.40155144207273,1751107541.9183147
39.75,-0.08752011726787512,25.33282906782175,3.37923000841427,13761034.335590929,3307.2567457476075,441.1659357444916,1796533403.8690867
39.8,-0.0876570999930395,25.35439891055289,3.3803986015215894,14162540.22711965,3299.735444772623,439.94026923107026,1843176647.1889808
39.85,-0.08779359576420076,25.375896537257155,3.3815631778074895,14575834.42524424,3292.2720977623558,438.72444391356095,1891070642.9378643
39.9,-0.08792960628920693,25.39732215911159,3.382723752798318,15001264.914907949,3284.8660964049013,437.51835329159934,1940249692.997288
39.95,-0.08806513327180732,25.418675987187562,3.383880341957939,15439190.002065543,3277.5168405573736,436.32189232785123,1990749056.3962183
40.0,-0.08820017841163685,25.43995823244409,3.3850329606879614,15889978.621076059,3270.2237381120635,435.1349574236318,2042604976.3896885
40.05,-0.08833474340419756,25.461169105721076,3.386181624327965,16354010.651284663,3262.986204865401,433.9574463950346,2095854708.312398
40.1,-0.08846882994084376,25.482308817732793,3.387326348155731,16831677.24306927,3255.803664389206,432.7892584494924,2150536548.229347
40.15,-0.08860243970876591,25.503377579061603,3.3884671473874732,17323381.153636027,3248.6755479045714,431.6302941628126,2206689862.406805
40.2,-0.08873557439097479,25.524375600151252,3.389604037178059,17829537.092855394,3241.6012941580775,430.4804554566549,2264355117.6271286
40.25,-0.08886823566628771,25.545303091300998,3.390737032621245,18350572.079440888,3234.5803493003586,429.3396455764314,2323573912.3718634
40.3,-0.08900042520931278,25.566160262659068,3.391866148749896,18886925.807780102,3227.6121667670445,428.20776906965256,2384389008.898331
40.35,-0.08913214469043523,25.586947324216688,3.392991400536214,19439051.025738154,3220.6962071619027,427.08473176467436,2446844366.235401
40.4,-0.08926339577580428,25.60766448580213,3.3941128028919696,20007413.923762705,3213.8319381421634,425.97044074985064,2510985174.1250925
40.45,-0.08939418012731898,25.628311957074605,3.395230370668716,20592494.535629198,3207.018834306088,424.864804353096,2576857887.9373984
40.5,-0.08952449940261553,25.648889947518395,3.3963441186580186,21194787.15117618,3200.2563770825786,423.76773212182843,2644510264.5864058
40.55,-0.08965435525505572,25.669398666437317,3.397454061591685,21814800.74139163,3193.544054622844,422.6791348032864,2713991399.476844
40.6,-0.08978374933371297,25.689838322948674,3.3985602141419786,22453059.396218106,3186.8813616942066,421.5989243252421,2785351764.51073
40.65,-0.08991268328336155,25.710209125977787,3.399662590921843,23110102.77546128,3180.267799575751,420.5270137770542,2858643247.1848106
40.7,-0.09004115874446605,25.730511284252568,3.400761206485134,23786486.57319555,3173.7028759559184,419.46331739107956,2933919190.81061
40.75,-0.0901691773531686,25.750745006297773,3.401856075326825,24482782.996068247,3167.1861048321302,418.4077505244546,3011234435.889277
40.8,-0.09029674074127858,25.770910500429782,3.402947211883239,25199581.255924616,3160.717006412161,417.3602296412006,3090645362.675011
40.85,-0.0904238505362644,25.791007974751363,3.404034630532271,25937488.07718101,3154.29510701722,416.3206722946479,3172209934.9611897
40.9,-0.09055050836124029,25.811037637146143,3.4051183455935945,26697128.219387807,3147.9199389871123,415.2889971102324,3255987745.124938
40.95,-0.09067671583495818,25.83099969527369,3.406198371328894,27479145.0154429,3141.5910405868935,414.26512376857283,3342040060.4665303
41.0,-0.09080247457179985,25.85089435656439,3.407274721942078,28284200.925920952,3135.3079559151874,413.2489729888582,3430429870.88085
41.05,-0.09092778618176528,25.870721828214286,3.408347411579495,29112978.11000555,3129.070234814451,412.2404665125813,3521221937.9002514
41.1,-0.09105265227046533,25.89048231718021,3.409416454330152,29966179.013522208,3122.8774327826177,411.23952708753427,3614482845.1478868
41.15,-0.09117707443911482,25.910176030175023,3.4104818642259342,30844526.9745859,3116.729110886343,410.2460784520996,3710281050.2426963
41.2,-0.09130105428452168,25.929803173662584,3.4115436552418146,31748766.847392246,3110.6248356760643,409.2600453198635,3808686938.1985188
41.25,-0.09142459339908171,25.949363953853194,3.412601841296076,32679665.644698653,3104.564179102278,408.2813533644661,3909772876.3600655
41.3,-0.09154769337077034,25.96885857669887,3.413656436250519,33638013.19955551,3098.54671843352,407.3099292047549,4013613270.9208817
41.35,-0.09167035578313504,25.988287247888714,3.4147074539106796,34624622.84686738,3092.572036175792,406.3457003902063,4120284625.0691113
41.4,-0.09179258221529041,26.007650172844496,3.415754908026043,35640332.12537938,3086.639719993285,405.3885953865884,4229865598.808032
41.45,-0.09191437424190996,26.026947556716095,3.4167988122902537,36686003.50070381,3080.749362630733,404.4385435619167,4342437070.500719
41.5,-0.09203573343322025,26.046179604377095,3.417839180341327,37762525.11001674,3074.9005618370215,403.4954751726427,4458082200.188071
41.55,-0.09215666135499645,26.065346520420643,3.4188760257618664,38870811.52908229,3069.092920290094,402.5593213500828,4576886494.732539
41.6,-0.09227715956855609,26.084448509154956,3.419909362079264,40011804.562267,3063.326045523275,401.630014087106,4698937874.839904
41.65,-0.09239722963075203,26.103485774599243,3.4209392027659153,41186474.056242794,3057.599549853006,400.707486225071,4824326744.014473
41.7,-0.09251687309397144,26.122458520479675,3.4219655612394346,42395818.73809091,3051.913050307473,399.79167144094663,4953146059.503202
41.75,-0.09263609150612706,26.141366950225127,3.4229884508628516,43640867.07853203,3046.2661685569724,398.8825042347277,5085491405.287014
41.8,-0.09275488641065621,26.160211266963394,3.42400788494483,44922678.18105256,3040.658530845052,397.9799199170126,5221461067.178907
41.85,-0.09287325934651397,26.178991673517032,3.4250238767398646,46242342.69769156,3035.089767921209,397.0838545968504,5361156110.089948
41.9,-0.09299121184817088,26.197708372399656,3.4260364394484952,47600983.772298895,3029.5595149745145,396.1942451697681,5504680457.526073
41.95,-0.0931087454456096,26.21636156581217,3.4270455862175133,48999758.01209292,3024.0674115684687,395.3110293060181,5652140973.381509
42.0,-0.09322586166432006,26.234951455638786,3.4280513301401587,50439856.48835779,3018.6131015770607,394.43414543904646,5803647546.094392
42.05,-0.09334256202529823,26.25347824344355,3.429053684256329,51922505.7671718,3013.19623312177,393.5635327541362,5959313175.2345
42.1,-0.09345884804504229,26.271942130466737,3.43005266155279,53448968.97106013,3007.816458509806,392.69913117727174,6119254060.593446
42.15,-0.09357472123555033,26.290343317621094,3.431048274963365,55020546.87250409,3002.4734341733138,391.8408813641857,6283589693.849962
42.2,-0.09369018310431743,26.30868200548846,3.4320405373691463,56638579.02027202,2997.1668206096965,390.9887246896045,6452442952.886267
42.25,-0.09380523515433548,26.326958394316364,3.433029461598696,58304444.89955138,2991.8962823228026,390.1426032366587,6625940198.831396
42.3,-0.09391987888408904,26.34517268401452,3.4340150604282442,60019565.12690456,2986.661487765354,389.302459786511,6804211375.91248
42.35,-0.09403411578755533,26.36332507415154,3.4349973465818904,61785402.68109527,2981.462109282125,388.4682378081303,6987390114.19455
42.4,-0.09414794735420262,26.381415763951722,3.435976332731805,63603464.170866385,2976.2978230542067,387.6398814482579,7175613835.294024
42.45,-0.0942613750689883,26.39944495229171,3.4369520314984223,65475301.14077904,2971.1683090442207,386.8173355215483,7369023861.152123
42.5,-0.09437440041235967,26.417412837697448,3.4379244554506485,67402511.41626325,2966.0732509423274,386.00054550085997,7567765525.9574795
42.55,-0.09448702486025151,26.43531961834102,3.438893617106049,69386740.48905684,2961.012336113343,385.1894575077382,7771988291.310323
42.6,-0.09459924988408625,26.453165492037506,3.439859528931051,71429682.94425139,2955.985255544585,384.38401830304144,7981845864.722201
42.65,-0.09471107695077491,26.470950656242213,3.44082220334114,73533083.93019798,2950.991703794592,383.5841752777216,8197496321.548813
42.7,-0.09482250752271554,26.48867530804748,3.4417816527010494,75698740.67256227,2946.031378942819,382.78987644378253,8419102230.456612
42.75,-0.09493354305779361,26.506339644179874,3.4427378893249614,77928504.03385922,2941.103982540093,382.001070425377,8646830782.525671
42.8,-0.09504418500938405,26.52394386099747,3.4436909254767,80224280.11984283,2936.209219559806,381.217706450042,8880853924.095608
42.85,-0.09515443482634972,26.541488154486895,3.4446407733699216,82588031.93415,2931.3467983501228,380.4397343401115,9121348493.463497
42.9,-0.09526429395304359,26.558972720260602,3.4455874451683077,85021781.08266503,2926.516430586775,379.66710450424455,9368496361.546383
42.95,-0.09537376382930957,26.576397753554346,3.446530952985763,87527609.52910046,2921.717831226749,378.8997679291085,9622484576.624891
43.0,-0.09548284589048334,26.593763449224326,3.447471308886598,90107661.4033262,2916.9507184626964,378.1376761712004,9883505513.285751
43.05,-0.09559154156739419,26.61107000174471,3.4484085248857226,92764144.86405401,2912.214813678094,377.38078134879976,10151757025.687689
43.1,-0.09569985228636674,26.628317605205226,3.4493426129488434,95499334.01750588,2907.509841403138,376.6290361340567,10427442605.27622
43.15,-0.09580777946922203,26.645506453308343,3.4502735849926403,98315570.89374629,2902.835529271373,375.88239374521635,10710771543.076838
43.2,-0.09591532453328011,26.662636739367116,3.4512014528849626,101215267.48243633,2898.1916079770044,375.1408079389625,11001959096.70214
43.25,-0.09602248889136256,26.679708656302747,3.4521262284450183,104200907.82978289,2893.5778112328853,374.40423300288916,11301226662.209223
43.3,-0.09612927395179399,26.69672239664209,3.4530479234435565,107275050.19853465,2888.9938757292452,373.67262374810406,11608801950.950176
43.35,-0.09623568111840464,26.713678152515474,3.453966549603055,110440329.29292758,2884.4395410930583,372.94593550194713,11924919171.56161
43.4,-0.09634171179053436,26.730576115654483,3.4548821185979106,113699458.55053394,2879.9145498479834,372.2241241008185,12249819217.242977
43.45,-0.09644736736303339,26.74741647738963,3.4557946420546184,117055232.50303547,2875.418647375134,371.5071458831487,12583749858.480099
43.5,-0.0965526492262676,26.764199428648293,3.4567041315519593,120510529.20799777,2870.95158187424,370.7949576824509,12926965941.3712
43.55,-0.09665755876612014,26.78092515995252,3.457610598621184,124068312.75378649,2866.5131043256465,370.08751682051445,13279729591.721552
43.6,-0.09676209736399505,26.79759386141696,3.4585140547461943,127731635.83983436,2862.102968452803,369.3847811006947,13642310425.07455
43.65,-0.096866266396822,26.814205722746987,3.459414511363728,131503642.4345262,2857.720930685322,368.6867088013034,14014985762.85276
43.7,-0.09697006723705837,26.830760933236455,3.4603119798635404,135387570.51305068,2853.3667501227433,367.99325866912835,14398040854.789822
43.75,-0.09707350125269332,26.847259681765927,3.4612064715885817,139386754.8776208,2849.0401884988037,367.3043899130408,14791769107.835146
43.8,-0.09717656980725403,26.8637021568008,3.4620979978351847,143504630.06256562,2844.741010146145,366.62006219769296,15196472321.722923
43.85,-0.09727927425980659,26.88008854638931,3.4629865698532383,147744733.32682914,2840.4689819618775,365.9402356373554,15612460931.400434
43.9,-0.09738161596496175,26.896419038160737,3.463872198846367,152110707.73653218,2836.2238733734293,365.26487078981796,16040054256.515736
43.95,-0.097483596272881,26.912693819323792,3.464754895972117,156606305.34032166,2832.005456304934,364.59392865038774,16479580758.173656
44.0,-0.09758521652927787,26.92891307666468,3.465634672342124,161235390.44026968,2827.8135051443883,363.9273706460164,16931378303.171179
44.05,-0.09768647807542563,26.945076996545453,3.466511539022296,166001942.96125954,2823.6477967109936,363.2651586294765,17395794435.93348
44.1,-0.09778738224816041,26.961185764902492,3.467385507032992,170910061.9217895,2819.5081102232825,362.60725487366363,17873186658.37588
44.15,-0.09788793037988719,26.977239567244645,3.4682565873491917,175963969.00926283,2815.3942272675417,361.95362206596775,18363922717.922558
44.2,-0.09798812379858379,26.99323858865185,3.469124790900675,181168012.26294497,2811.305931766895,361.3042233027493,18868380903.92592
44.25,-0.09808796382780788,27.00918301377354,3.4699901285721984,186526669.8677996,2807.243009950677,360.6590220838817,19386950352.727478
44.3,-0.09818745178670046,27.025073026827048,3.470852611203663,192044554.06257746,2803.2052503244718,360.0179823074036,19920031361.619015
44.35,-0.0982865889899936,27.040908811596307,3.471712249590296,197726415.1656036,2799.192443640418,359.38106826422717,20468035711.96217
44.4,-0.09838537674801368,27.056690551430286,3.4725690544828174,203577145.7217964,2795.2043828681913,358.74824463296045,21031387001.73665
44.45,-0.09848381636668885,27.07241842924157,3.473423036587612,209601784.77461863,2791.2408631662133,358.11947647478144,21610520987.794716
44.5,-0.09858190914755466,27.088092627505187,3.474274206566906,215805522.2666918,2787.301681853433,357.4947292284057,22205885938.1052
44.55,-0.09867965638775972,27.103713328257147,3.475122575038936,222193703.57298654,2783.38663838151,356.87396870513237,22817942994.282734
44.6,-0.09877705938007197,27.1192807130931,3.4759681525781136,228771834.17058045,2779.4955343073975,356.25716108396233,23447166544.702816
44.65,-0.09887411941288538,27.134794963167298,3.4768109497152064,235545584.44911888,2775.6281732663588,355.6442729067912,24094044608.515137
44.7,-0.09897083777022564,27.150256259191156,3.4776509769374955,242520794.66621354,2771.7843609454007,355.03527107368126,24759079230.874546
44.75,-0.09906721573175703,27.16566478143217,3.4784882446889522,249703480.0521689,2767.9639050570904,354.4301228382018,25442786889.719852
44.8,-0.0991632545727893,27.181020709712868,3.4793227633704022,257099836.0685596,2764.166615313767,353.8287958028381,26145698914.441612
44.85,-0.09925895556428388,27.196324223409487,3.4801545433396956,264716243.82526588,2760.3923034021514,353.2312579144781,26868361916.78494
44.9,-0.09935431997286054,27.211575501450984,3.480983594911867,272559275.6607993,2756.6407829583536,352.6374774599641,27611338234.351185
44.95,-0.09944934906080555,27.22677472231815,3.481809928359313,280635700.8908442,2752.911869543179,352.0474230617037,28375206387.06766
45.0,-0.09954404408607698,27.241922064042264,3.4826335539119446,288952491.73005766,2749.2053806179174,351.46106367336546,29160561547.005398
